country,year
AFG,1850
AFG,1851
AFG,1852
AFG,1853
AFG,1854
AFG,1855
AFG,1856
AFG,1857
AFG,1858
AFG,1859
AFG,1860
AFG,1861
AFG,1862
AFG,1863
AFG,1864
AFG,1865
AFG,1866
AFG,1867
AFG,1868
AFG,1869
AFG,1870
AFG,1871
AFG,1872
AFG,1873
AFG,1874
AFG,1875
AFG,1876
AFG,1877
AFG,1878
AFG,1879
AFG,1880
AFG,1881
AFG,1882
AFG,1883
AFG,1884
AFG,1885
AFG,1886
AFG,1887
AFG,1888
AFG,1889
AFG,1890
AFG,1891
AFG,1892
AFG,1893
AFG,1894
AFG,1895
AFG,1896
AFG,1897
AFG,1898
AFG,1899
AFG,1900
AFG,1901
AFG,1902
AFG,1903
AFG,1904
AFG,1905
AFG,1906
AFG,1907
AFG,1908
AFG,1909
AFG,1910
AFG,1911
AFG,1912
AFG,1913
AFG,1914
AFG,1915
AFG,1916
AFG,1917
AFG,1918
AFG,1919
AFG,1920
AFG,1921
AFG,1922
AFG,1923
AFG,1924
AFG,1925
AFG,1926
AFG,1927
AFG,1928
AFG,1929
AFG,1930
AFG,1931
AFG,1932
AFG,1933
AFG,1934
AFG,1935
AFG,1936
AFG,1937
AFG,1938
AFG,1939
AFG,1940
AFG,1941
AFG,1942
AFG,1943
AFG,1944
AFG,1945
AFG,1946
AFG,1947
AFG,1948
AFG,1949
AFG,1950
AFG,1951
AFG,1952
AFG,1953
AFG,1954
AFG,1955
AFG,1956
AFG,1957
AFG,1958
AFG,1959
AFG,1960
AFG,1961
AFG,1962
AFG,1963
AFG,1964
AFG,1965
AFG,1966
AFG,1967
AFG,1968
AFG,1969
AFG,1970
AFG,1971
AFG,1972
AFG,1973
AFG,1978
AFG,1979
AFG,1980
AFG,1981
AFG,1982
AFG,1983
AFG,1984
AFG,1985
AFG,1986
AFG,1987
AFG,1988
AFG,1989
AFG,1990
AFG,1991
AFG,1992
AFG,1993
AFG,1994
AFG,1995
AFG,1996
AFG,1997
AFG,1998
AFG,1999
AFG,2000
AFG,2001
AFG,2002
AFG,2003
AFG,2004
AFG,2005
AFG,2006
AFG,2007
AFG,2008
AFG,2009
AFG,2010
AFG,2011
AFG,2012
AFG,2013
AFG,2014
AFG,2015
AFG,2016
AFG,2017
AFG,2018
AFG,2019
AGO,1961
AGO,1962
AGO,1963
AGO,1964
AGO,1965
AGO,1966
AGO,1967
AGO,1968
AGO,1969
AGO,1970
AGO,1971
AGO,1972
AGO,1973
AGO,1974
AGO,1975
AGO,1976
AGO,1977
AGO,1978
AGO,1979
AGO,1980
AGO,1981
AGO,1982
AGO,1983
AGO,1984
AGO,1985
AGO,1986
AGO,1987
AGO,1988
AGO,1989
AGO,1990
AGO,1991
AGO,1992
AGO,1993
AGO,1994
AGO,1995
AGO,1996
AGO,1997
AGO,1998
AGO,1999
AGO,2000
AGO,2001
AGO,2002
AGO,2003
AGO,2004
AGO,2005
AGO,2006
AGO,2007
AGO,2008
AGO,2009
AGO,2010
AGO,2011
AGO,2012
AGO,2013
AGO,2014
AGO,2015
AGO,2016
AGO,2017
AGO,2018
AGO,2019
ALB,1862
ALB,1878
ALB,1879
ALB,1880
ALB,1881
ALB,1909
ALB,1911
ALB,1912
ALB,1913
ALB,1919
ALB,1920
ALB,1922
ALB,1923
ALB,1924
ALB,1939
ALB,1940
ALB,1941
ALB,1942
ALB,1943
ALB,1944
ALB,1945
ALB,1946
ALB,1947
ALB,1948
ALB,1949
ALB,1950
ALB,1951
ALB,1952
ALB,1953
ALB,1954
ALB,1955
ALB,1956
ALB,1957
ALB,1958
ALB,1959
ALB,1960
ALB,1961
ALB,1962
ALB,1963
ALB,1964
ALB,1965
ALB,1966
ALB,1967
ALB,1968
ALB,1969
ALB,1970
ALB,1971
ALB,1972
ALB,1973
ALB,1974
ALB,1975
ALB,1976
ALB,1977
ALB,1978
ALB,1979
ALB,1980
ALB,1981
ALB,1982
ALB,1983
ALB,1984
ALB,1985
ALB,1986
ALB,1987
ALB,1988
ALB,1989
ALB,1990
ALB,1991
ALB,1997
ALB,1999
ARE,1976
ARE,1977
ARE,1978
ARE,1979
ARE,1990
ARE,1991
ARE,2011
ARE,2014
ARE,2015
ARE,2016
ARE,2017
ARE,2018
ARE,2019
ARG,1850
ARG,1851
ARG,1852
ARG,1853
ARG,1854
ARG,1855
ARG,1856
ARG,1857
ARG,1858
ARG,1859
ARG,1860
ARG,1861
ARG,1862
ARG,1863
ARG,1864
ARG,1865
ARG,1866
ARG,1867
ARG,1868
ARG,1869
ARG,1870
ARG,1871
ARG,1872
ARG,1873
ARG,1874
ARG,1875
ARG,1876
ARG,1877
ARG,1878
ARG,1879
ARG,1880
ARG,1881
ARG,1882
ARG,1883
ARG,1884
ARG,1885
ARG,1886
ARG,1887
ARG,1888
ARG,1889
ARG,1890
ARG,1891
ARG,1892
ARG,1893
ARG,1894
ARG,1895
ARG,1896
ARG,1897
ARG,1898
ARG,1899
ARG,1900
ARG,1901
ARG,1902
ARG,1903
ARG,1904
ARG,1905
ARG,1906
ARG,1907
ARG,1908
ARG,1909
ARG,1910
ARG,1911
ARG,1912
ARG,1913
ARG,1914
ARG,1915
ARG,1916
ARG,1917
ARG,1955
ARG,1962
ARG,1963
ARG,1970
ARG,1971
ARG,1972
ARG,1973
ARG,1974
ARG,1975
ARG,1976
ARG,1977
ARG,1978
ARG,1979
ARG,1982
ARG,1989
ARG,1990
ARG,1991
ARG,1994
ARG,1995
ARM,1918
ARM,1919
ARM,1920
ARM,1921
ARM,1922
ARM,1923
ARM,1924
ARM,1925
ARM,1926
ARM,1927
ARM,1928
ARM,1929
ARM,1930
ARM,1931
ARM,1932
ARM,1933
ARM,1934
ARM,1935
ARM,1936
ARM,1937
ARM,1938
ARM,1939
ARM,1940
ARM,1941
ARM,1942
ARM,1943
ARM,1944
ARM,1945
ARM,1946
ARM,1947
ARM,1948
ARM,1949
ARM,1950
ARM,1951
ARM,1952
ARM,1953
ARM,1954
ARM,1955
ARM,1956
ARM,1957
ARM,1958
ARM,1959
ARM,1960
ARM,1961
ARM,1962
ARM,1963
ARM,1964
ARM,1965
ARM,1966
ARM,1967
ARM,1968
ARM,1969
ARM,1970
ARM,1971
ARM,1972
ARM,1973
ARM,1974
ARM,1975
ARM,1976
ARM,1977
ARM,1978
ARM,1979
ARM,1980
ARM,1981
ARM,1982
ARM,1983
ARM,1984
ARM,1985
ARM,1986
ARM,1987
ARM,1988
ARM,1989
ARM,1990
ARM,1991
ARM,1992
ARM,1993
ARM,1994
ARM,1995
ARM,1996
ARM,1997
ARM,1998
ARM,1999
ARM,2000
ARM,2001
ARM,2002
ARM,2003
ARM,2004
ARM,2005
ARM,2006
ARM,2007
ARM,2008
ARM,2009
ARM,2010
ARM,2011
ARM,2012
ARM,2013
ARM,2014
ARM,2015
ARM,2016
ARM,2017
ARM,2018
ARM,2019
AUS,1899
AUS,1900
AUS,1901
AUS,1902
AUS,1914
AUS,1915
AUS,1916
AUS,1917
AUS,1918
AUS,1939
AUS,1940
AUS,1941
AUS,1942
AUS,1943
AUS,1944
AUS,1945
AUS,1950
AUS,1951
AUS,1952
AUS,1953
AUS,1954
AUS,1955
AUS,1956
AUS,1957
AUS,1958
AUS,1959
AUS,1960
AUS,1963
AUS,1964
AUS,1965
AUS,1966
AUS,1967
AUS,1968
AUS,1969
AUS,1970
AUS,1971
AUS,1972
AUS,1973
AUS,1990
AUS,1991
AUS,2003
AUS,2004
AUS,2005
AUS,2006
AUS,2007
AUS,2008
AUS,2009
AUS,2010
AUS,2011
AUS,2012
AUS,2013
AUT,1867
AUT,1868
AUT,1869
AUT,1870
AUT,1871
AUT,1872
AUT,1873
AUT,1874
AUT,1875
AUT,1876
AUT,1877
AUT,1878
AUT,1879
AUT,1880
AUT,1881
AUT,1882
AUT,1883
AUT,1884
AUT,1885
AUT,1886
AUT,1887
AUT,1888
AUT,1889
AUT,1890
AUT,1891
AUT,1892
AUT,1893
AUT,1894
AUT,1895
AUT,1896
AUT,1897
AUT,1898
AUT,1899
AUT,1900
AUT,1901
AUT,1902
AUT,1903
AUT,1904
AUT,1905
AUT,1906
AUT,1907
AUT,1908
AUT,1909
AUT,1910
AUT,1911
AUT,1912
AUT,1913
AUT,1914
AUT,1915
AUT,1916
AUT,1917
AUT,1918
AUT,1919
AUT,1920
AUT,1921
AUT,1922
AUT,1923
AUT,1924
AUT,1925
AUT,1926
AUT,1927
AUT,1928
AUT,1929
AUT,1930
AUT,1931
AUT,1932
AUT,1933
AUT,1934
AUT,2001
AUT,2002
AUT,2003
AUT,2004
AUT,2005
AUT,2006
AUT,2007
AUT,2008
AUT,2009
AUT,2010
AUT,2011
AUT,2012
AUT,2013
AUT,2014
AUT,2015
AUT,2016
AUT,2017
AUT,2018
AUT,2019
AZE,1918
AZE,1919
AZE,1920
AZE,1988
AZE,1989
AZE,1990
AZE,1991
AZE,1992
AZE,1993
AZE,1994
AZE,1995
AZE,1996
AZE,1997
AZE,1998
AZE,1999
AZE,2000
AZE,2001
AZE,2002
AZE,2003
AZE,2004
AZE,2005
AZE,2006
AZE,2007
AZE,2008
AZE,2009
AZE,2010
AZE,2011
AZE,2012
AZE,2013
AZE,2014
AZE,2015
AZE,2016
AZE,2017
AZE,2018
AZE,2019
BDI,1972
BDI,1993
BDI,1994
BDI,1995
BDI,1996
BDI,1997
BDI,1998
BDI,1999
BDI,2000
BDI,2001
BDI,2002
BDI,2003
BDI,2004
BDI,2005
BDI,2007
BDI,2008
BDI,2009
BDI,2010
BDI,2011
BDI,2012
BDI,2013
BDI,2014
BDI,2015
BDI,2016
BDI,2017
BDI,2018
BDI,2019
BEL,1861
BEL,1862
BEL,1863
BEL,1864
BEL,1865
BEL,1866
BEL,1867
BEL,1881
BEL,1882
BEL,1883
BEL,1884
BEL,1885
BEL,1886
BEL,1887
BEL,1888
BEL,1889
BEL,1890
BEL,1891
BEL,1892
BEL,1893
BEL,1894
BEL,1895
BEL,1896
BEL,1897
BEL,1898
BEL,1899
BEL,1900
BEL,1901
BEL,1902
BEL,1903
BEL,1904
BEL,1905
BEL,1906
BEL,1907
BEL,1908
BEL,1914
BEL,1915
BEL,1916
BEL,1917
BEL,1918
BEL,1940
BEL,1941
BEL,1942
BEL,1943
BEL,1944
BEL,1945
BEL,1950
BEL,1951
BEL,1952
BEL,1953
BEL,1959
BEL,1960
BEL,1961
BEL,1962
BEL,1963
BEL,1964
BEL,1965
BEL,1966
BEL,1978
BEL,1990
BEL,1991
BEL,1992
BEL,1993
BEL,1994
BEL,1995
BEL,1996
BEL,1997
BEL,1998
BEL,1999
BEL,2000
BEL,2001
BEL,2002
BEL,2003
BEL,2004
BEL,2005
BEL,2006
BEL,2007
BEL,2008
BEL,2009
BEL,2010
BEL,2011
BEL,2012
BEL,2013
BEL,2014
BEL,2015
BEL,2016
BEL,2017
BEL,2018
BEL,2019
BEN,1890
BEN,1892
BEN,1893
BEN,1894
BEN,2012
BEN,2013
BEN,2014
BEN,2015
BEN,2016
BEN,2017
BEN,2018
BEN,2019
BGR,1876
BGR,1877
BGR,1878
BGR,1885
BGR,1893
BGR,1894
BGR,1895
BGR,1896
BGR,1897
BGR,1898
BGR,1899
BGR,1900
BGR,1901
BGR,1902
BGR,1903
BGR,1904
BGR,1905
BGR,1906
BGR,1907
BGR,1908
BGR,1912
BGR,1913
BGR,1914
BGR,1915
BGR,1916
BGR,1917
BGR,1918
BGR,1925
BGR,1941
BGR,1942
BGR,1943
BGR,1944
BGR,1945
BGR,1968
BGR,2001
BGR,2002
BGR,2003
BGR,2004
BGR,2005
BGR,2006
BGR,2007
BGR,2008
BGR,2009
BGR,2010
BGR,2011
BGR,2012
BGR,2013
BGR,2014
BGR,2015
BGR,2016
BGR,2017
BGR,2018
BGR,2019
BHR,1867
BHR,1868
BHR,1990
BHR,1991
BHR,2014
BHR,2015
BHR,2016
BHR,2017
BHR,2018
BHR,2019
BLZ,1850
BLZ,1851
BLZ,1852
BLZ,1853
BLZ,1854
BLZ,1855
BLZ,1856
BLZ,1857
BLZ,1858
BLZ,1859
BLZ,1860
BLZ,1861
BLZ,1862
BLZ,1863
BLZ,1864
BLZ,1865
BLZ,1866
BLZ,1867
BLZ,1868
BLZ,1869
BLZ,1870
BLZ,1871
BLZ,1872
BLZ,1873
BLZ,1874
BLZ,1875
BLZ,1876
BLZ,1877
BLZ,1878
BLZ,1879
BLZ,1880
BLZ,1881
BLZ,1882
BLZ,1883
BLZ,1884
BLZ,1885
BLZ,1886
BLZ,1887
BLZ,1888
BLZ,1889
BLZ,1890
BLZ,1891
BLZ,1892
BLZ,1893
BLZ,1894
BLZ,1895
BLZ,1896
BLZ,1897
BLZ,1898
BLZ,1899
BLZ,1900
BLZ,1901
BOL,1865
BOL,1866
BOL,1879
BOL,1880
BOL,1881
BOL,1882
BOL,1883
BOL,1892
BOL,1899
BOL,1900
BOL,1901
BOL,1902
BOL,1903
BOL,1932
BOL,1933
BOL,1934
BOL,1935
BOL,1966
BOL,1967
BRA,1850
BRA,1851
BRA,1852
BRA,1862
BRA,1863
BRA,1864
BRA,1865
BRA,1866
BRA,1867
BRA,1868
BRA,1869
BRA,1870
BRA,1893
BRA,1894
BRA,1895
BRA,1896
BRA,1897
BRA,1899
BRA,1900
BRA,1901
BRA,1902
BRA,1903
BRA,1912
BRA,1913
BRA,1914
BRA,1915
BRA,1916
BRA,1917
BRA,1918
BRA,1922
BRA,1923
BRA,1924
BRA,1925
BRA,1926
BRA,1927
BRA,1930
BRA,1932
BRA,1942
BRA,1943
BRA,1944
BRA,1945
BRA,1961
BRA,1962
BRA,1963
BRA,1965
BRA,1966
BRA,1967
BRA,1968
BRA,1969
BRA,1970
BRA,1971
BRA,1972
BRA,1973
BRA,1974
BRA,1991
BWA,1852
BWA,1998
BWA,1999
CAF,1928
CAF,1929
CAF,1930
CAF,1931
CAF,1987
CAF,1988
CAF,1989
CAF,1990
CAF,1991
CAF,1992
CAF,1993
CAF,1994
CAF,1995
CAF,1996
CAF,1997
CAF,1998
CAF,1999
CAF,2000
CAF,2001
CAF,2002
CAF,2003
CAF,2004
CAF,2005
CAF,2006
CAF,2007
CAF,2008
CAF,2009
CAF,2010
CAF,2011
CAF,2012
CAF,2013
CAF,2014
CAF,2015
CAF,2016
CAF,2017
CAF,2018
CAF,2019
CAN,1866
CAN,1867
CAN,1868
CAN,1869
CAN,1870
CAN,1871
CAN,1881
CAN,1882
CAN,1883
CAN,1884
CAN,1885
CAN,1886
CAN,1887
CAN,1888
CAN,1889
CAN,1890
CAN,1891
CAN,1892
CAN,1893
CAN,1894
CAN,1895
CAN,1896
CAN,1897
CAN,1898
CAN,1899
CAN,1900
CAN,1901
CAN,1902
CAN,1914
CAN,1915
CAN,1916
CAN,1917
CAN,1918
CAN,1939
CAN,1940
CAN,1941
CAN,1942
CAN,1943
CAN,1944
CAN,1945
CAN,1950
CAN,1951
CAN,1952
CAN,1953
CAN,1960
CAN,1961
CAN,1962
CAN,1963
CAN,1970
CAN,1990
CAN,1991
CAN,1992
CAN,1993
CAN,1994
CAN,1995
CAN,1998
CAN,1999
CAN,2000
CAN,2001
CAN,2002
CAN,2003
CAN,2004
CAN,2005
CAN,2006
CAN,2007
CAN,2008
CAN,2009
CAN,2010
CAN,2011
CAN,2012
CAN,2013
CAN,2014
CHE,2003
CHE,2004
CHE,2005
CHE,2006
CHE,2007
CHE,2008
CHL,1850
CHL,1851
CHL,1852
CHL,1853
CHL,1854
CHL,1855
CHL,1856
CHL,1857
CHL,1858
CHL,1859
CHL,1861
CHL,1862
CHL,1863
CHL,1864
CHL,1865
CHL,1866
CHL,1867
CHL,1868
CHL,1869
CHL,1870
CHL,1871
CHL,1872
CHL,1873
CHL,1874
CHL,1875
CHL,1876
CHL,1877
CHL,1878
CHL,1879
CHL,1880
CHL,1881
CHL,1882
CHL,1883
CHL,1891
CHL,1918
CHL,1931
CHL,1939
CHL,1940
CHL,1941
CHL,1942
CHL,1943
CHL,1944
CHL,1945
CHL,1973
CHL,1974
CHL,1975
CHL,1976
CHL,1977
CHL,1978
CHL,1979
CHL,1980
CHL,1981
CHL,1982
CHL,1983
CHL,1984
CHL,1985
CHL,1986
CHL,1987
CHL,1988
CHL,1989
CHL,1990
CHN,1900
CHN,1901
CHN,1902
CHN,1903
CHN,1904
CHN,1905
CHN,1906
CHN,1907
CHN,1908
CHN,1909
CHN,1910
CHN,1911
CHN,1912
CHN,1927
CHN,1928
CHN,1929
CHN,1930
CHN,1931
CHN,1932
CHN,1933
CHN,1934
CHN,1935
CHN,1936
CHN,1937
CHN,1938
CHN,1939
CHN,1940
CHN,1941
CHN,1942
CHN,1943
CHN,1944
CHN,1945
CHN,1946
CHN,1947
CHN,1948
CHN,1949
CHN,1950
CHN,1951
CHN,1952
CHN,1953
CHN,1954
CHN,1955
CHN,1956
CHN,1957
CHN,1958
CHN,1959
CHN,1960
CHN,1961
CHN,1962
CHN,1963
CHN,1964
CHN,1965
CHN,1966
CHN,1967
CHN,1968
CHN,1969
CHN,1970
CHN,1971
CHN,1972
CHN,1973
CHN,1974
CHN,1975
CHN,1979
CHN,1988
CIV,2002
CIV,2003
CIV,2004
CIV,2005
CIV,2006
CIV,2007
CIV,2010
CIV,2011
CMR,1914
CMR,1915
CMR,1916
CMR,1955
CMR,1956
CMR,1957
CMR,1958
CMR,1959
CMR,1960
CMR,1961
CMR,1962
CMR,1963
CMR,1964
CMR,2006
CMR,2007
CMR,2008
CMR,2009
CMR,2013
CMR,2014
CMR,2015
CMR,2016
CMR,2017
CMR,2018
CMR,2019
COD,1891
COD,1892
COD,1893
COD,1894
COD,1895
COD,1896
COD,1897
COD,1898
COD,1899
COD,1900
COD,1901
COD,1902
COD,1903
COD,1904
COD,1905
COD,1906
COD,1907
COD,1908
COD,1960
COD,1961
COD,1962
COD,1963
COD,1964
COD,1965
COD,1966
COD,1967
COD,1975
COD,1976
COD,1977
COD,1978
COD,1979
COD,1983
COD,1984
COD,1985
COD,1986
COD,1987
COD,1990
COD,1991
COD,1996
COD,1997
COD,1998
COD,1999
COD,2000
COD,2001
COD,2002
COD,2003
COD,2004
COD,2005
COD,2006
COD,2007
COD,2008
COD,2009
COD,2010
COD,2011
COD,2012
COD,2013
COD,2014
COD,2015
COD,2016
COD,2017
COD,2018
COD,2019
COG,1968
COG,1972
COG,1993
COG,1994
COG,1997
COG,1998
COG,1999
COG,2013
COG,2014
COG,2015
COG,2016
COG,2017
COG,2018
COG,2019
COL,1860
COL,1861
COL,1862
COL,1863
COL,1876
COL,1895
COL,1899
COL,1900
COL,1901
COL,1902
COL,1932
COL,1933
COL,1939
COL,1940
COL,1941
COL,1942
COL,1943
COL,1944
COL,1945
COL,1950
COL,1951
COL,1952
COL,1953
COL,1964
COL,1965
COL,1966
COL,1967
COL,1968
COL,1969
COL,1970
COL,1971
COL,1972
COL,1973
COL,1974
COL,1975
COL,1976
COL,1977
COL,1978
COL,1979
COL,1980
COL,1981
COL,1982
COL,1983
COL,1984
COL,1985
COL,1986
COL,1987
COL,1988
COL,1989
COL,1990
COL,1991
COL,1992
COL,1993
COL,1994
COL,1995
COL,1996
COL,1997
COL,1998
COL,1999
COL,2000
COL,2001
COL,2002
COL,2003
COL,2004
COL,2005
COL,2006
COL,2007
COL,2008
COL,2009
COL,2010
COL,2011
COL,2012
COL,2013
COL,2014
COL,2015
COL,2016
COL,2017
COL,2018
COL,2019
CRI,1855
CRI,1856
CRI,1857
CRI,1918
CRI,1921
CRI,1941
CRI,1942
CRI,1943
CRI,1944
CRI,1945
CRI,1948
CRI,1955
CRI,1965
CRI,1966
CUB,1868
CUB,1869
CUB,1870
CUB,1871
CUB,1872
CUB,1873
CUB,1874
CUB,1875
CUB,1876
CUB,1877
CUB,1878
CUB,1879
CUB,1880
CUB,1895
CUB,1896
CUB,1897
CUB,1898
CUB,1906
CUB,1912
CUB,1917
CUB,1918
CUB,1919
CUB,1920
CUB,1921
CUB,1922
CUB,1941
CUB,1942
CUB,1943
CUB,1944
CUB,1945
CUB,1953
CUB,1954
CUB,1955
CUB,1956
CUB,1957
CUB,1958
CUB,1959
CUB,1960
CUB,1961
CUB,1962
CUB,1963
CUB,1964
CUB,1965
CUB,1966
CUB,1967
CUB,1968
CUB,1969
CUB,1970
CUB,1971
CUB,1972
CUB,1973
CUB,1974
CUB,1975
CUB,1976
CUB,1977
CUB,1978
CUB,1979
CUB,1980
CUB,1981
CUB,1982
CUB,1983
CUB,1984
CUB,1985
CUB,1986
CUB,1987
CUB,1988
CUB,1989
CUB,1990
CUB,1991
CYP,1955
CYP,1956
CYP,1957
CYP,1958
CYP,1959
CYP,1963
CYP,1964
CYP,1967
CYP,1974
CZE,1914
CZE,1915
CZE,1916
CZE,1917
CZE,1918
CZE,1919
CZE,1920
CZE,1921
CZE,1922
CZE,1938
CZE,1939
CZE,1940
CZE,1941
CZE,1942
CZE,1943
CZE,1944
CZE,1945
CZE,1947
CZE,1948
CZE,1949
CZE,1950
CZE,1951
CZE,1952
CZE,1953
CZE,1955
CZE,1956
CZE,1957
CZE,1958
CZE,1959
CZE,1960
CZE,1961
CZE,1962
CZE,1963
CZE,1964
CZE,1965
CZE,1966
CZE,1967
CZE,1968
CZE,1969
CZE,1970
CZE,1971
CZE,1972
CZE,1973
CZE,1974
CZE,1975
CZE,1976
CZE,1977
CZE,1978
CZE,1979
CZE,1980
CZE,1990
CZE,1991
CZE,1999
CZE,2002
CZE,2003
CZE,2004
CZE,2005
CZE,2006
CZE,2007
CZE,2008
CZE,2009
CZE,2010
CZE,2011
CZE,2012
CZE,2013
CZE,2014
CZE,2015
CZE,2016
CZE,2017
CZE,2018
CZE,2019
DEU,1870
DEU,1871
DEU,1886
DEU,1887
DEU,1888
DEU,1889
DEU,1890
DEU,1891
DEU,1892
DEU,1893
DEU,1894
DEU,1895
DEU,1896
DEU,1897
DEU,1898
DEU,1899
DEU,1900
DEU,1901
DEU,1902
DEU,1903
DEU,1904
DEU,1905
DEU,1906
DEU,1907
DEU,1908
DEU,1910
DEU,1911
DEU,1914
DEU,1915
DEU,1916
DEU,1917
DEU,1918
DEU,1919
DEU,1920
DEU,1921
DEU,1936
DEU,1937
DEU,1938
DEU,1939
DEU,1940
DEU,1941
DEU,1942
DEU,1943
DEU,1944
DEU,1945
DEU,1995
DEU,1999
DEU,2001
DEU,2002
DEU,2003
DEU,2004
DEU,2005
DEU,2006
DEU,2007
DEU,2008
DEU,2009
DEU,2010
DEU,2011
DEU,2012
DEU,2013
DEU,2014
DEU,2015
DEU,2016
DEU,2017
DEU,2018
DEU,2019
DJI,1991
DJI,1992
DJI,1993
DJI,1994
DJI,1998
DJI,1999
DJI,2000
DJI,2001
DJI,2002
DJI,2003
DJI,2004
DJI,2005
DJI,2006
DJI,2007
DJI,2008
DJI,2009
DJI,2010
DJI,2011
DJI,2012
DJI,2013
DJI,2014
DJI,2015
DJI,2016
DJI,2017
DJI,2018
DJI,2019
DNK,1850
DNK,1864
DNK,1918
DNK,1919
DNK,1920
DNK,1939
DNK,1940
DNK,1941
DNK,1942
DNK,1943
DNK,1944
DNK,1945
DNK,1950
DNK,1951
DNK,1952
DNK,1953
DNK,1990
DNK,1991
DNK,1992
DNK,1993
DNK,1994
DNK,1995
DNK,1998
DNK,1999
DNK,2002
DNK,2003
DNK,2004
DNK,2005
DNK,2006
DNK,2007
DNK,2008
DNK,2009
DNK,2010
DNK,2011
DNK,2012
DNK,2013
DNK,2014
DNK,2015
DNK,2016
DNK,2017
DNK,2018
DNK,2019
DOM,1850
DOM,1851
DOM,1852
DOM,1853
DOM,1854
DOM,1855
DOM,1856
DOM,1863
DOM,1864
DOM,1865
DOM,1911
DOM,1912
DOM,1941
DOM,1942
DOM,1943
DOM,1944
DOM,1945
DOM,1965
DOM,1966
DOM,2003
DOM,2004
DOM,2005
DOM,2006
DOM,2007
DOM,2008
DOM,2009
DOM,2010
DOM,2011
ECU,1857
ECU,1858
ECU,1859
ECU,1860
ECU,1863
ECU,1866
ECU,1911
ECU,1912
ECU,1913
ECU,1914
ECU,1932
ECU,1941
ECU,1981
ECU,1995
EGY,1874
EGY,1875
EGY,1876
EGY,1879
EGY,1880
EGY,1881
EGY,1882
EGY,1883
EGY,1884
EGY,1885
EGY,1886
EGY,1887
EGY,1888
EGY,1889
EGY,1890
EGY,1891
EGY,1892
EGY,1893
EGY,1894
EGY,1895
EGY,1896
EGY,1897
EGY,1898
EGY,1899
EGY,1919
EGY,1948
EGY,1949
EGY,1951
EGY,1952
EGY,1956
EGY,1962
EGY,1963
EGY,1964
EGY,1965
EGY,1966
EGY,1967
EGY,1968
EGY,1969
EGY,1970
EGY,1973
EGY,1977
EGY,1990
EGY,1991
EGY,2011
EGY,2012
EGY,2013
EGY,2014
EGY,2015
EGY,2016
EGY,2017
EGY,2018
EGY,2019
ERI,1961
ERI,1962
ERI,1963
ERI,1964
ERI,1965
ERI,1966
ERI,1967
ERI,1968
ERI,1969
ERI,1970
ERI,1971
ERI,1972
ERI,1973
ERI,1974
ERI,1975
ERI,1976
ERI,1977
ERI,1978
ERI,1979
ERI,1980
ERI,1981
ERI,1982
ERI,1983
ERI,1984
ERI,1985
ERI,1986
ERI,1987
ERI,1988
ERI,1989
ERI,1990
ERI,1991
ERI,1995
ERI,1996
ERI,1997
ERI,1998
ERI,1999
ERI,2000
ERI,2008
ESP,1900
ESP,1909
ESP,1910
ESP,1920
ESP,1921
ESP,1922
ESP,1923
ESP,1924
ESP,1925
ESP,1926
ESP,1936
ESP,1937
ESP,1938
ESP,1939
ESP,1957
ESP,1958
ESP,1959
ESP,1960
ESP,1961
ESP,1962
ESP,1963
ESP,1964
ESP,1965
ESP,1966
ESP,1967
ESP,1968
ESP,1969
ESP,1970
ESP,1971
ESP,1972
ESP,1973
ESP,1974
ESP,1975
ESP,1976
ESP,1977
ESP,1978
ESP,1979
ESP,1980
ESP,1981
ESP,1982
ESP,1983
ESP,1984
ESP,1985
ESP,1986
ESP,1987
ESP,1988
ESP,1989
ESP,1990
ESP,1991
ESP,1992
ESP,1993
ESP,1994
ESP,1995
ESP,1996
ESP,1997
ESP,1998
ESP,1999
ESP,2000
ESP,2001
ESP,2002
ESP,2003
ESP,2004
ESP,2005
ESP,2006
ESP,2007
ESP,2008
ESP,2009
ESP,2010
ESP,2011
ESP,2012
ESP,2013
ESP,2014
ESP,2015
ESP,2016
ESP,2017
ESP,2018
ESP,2019
EST,1858
EST,1904
EST,1905
EST,1906
EST,1914
EST,1915
EST,1916
EST,1917
EST,1918
EST,1919
EST,1920
EST,1921
EST,1922
EST,1924
EST,1936
EST,1938
EST,1939
EST,1940
EST,1941
EST,1942
EST,1943
EST,1944
EST,1945
EST,1946
EST,1947
EST,1948
EST,1949
EST,1950
EST,1951
EST,1952
EST,1953
EST,1954
EST,1955
EST,1956
EST,1957
EST,1958
EST,1959
EST,1960
EST,1961
EST,1962
EST,1963
EST,1964
EST,1965
EST,1966
EST,1967
EST,1968
EST,1969
EST,1970
EST,1971
EST,1972
EST,1973
EST,1974
EST,1975
EST,1976
EST,1977
EST,1978
EST,1979
EST,1980
EST,1981
EST,1982
EST,1983
EST,1984
EST,1985
EST,1986
EST,1987
EST,1988
EST,1989
EST,1995
EST,1996
EST,1997
EST,1998
EST,1999
EST,2000
EST,2001
EST,2002
EST,2003
EST,2004
EST,2005
EST,2006
EST,2007
EST,2008
EST,2009
EST,2010
EST,2011
EST,2012
EST,2013
EST,2014
EST,2015
EST,2016
EST,2017
EST,2018
EST,2019
ETH,1867
ETH,1868
ETH,1874
ETH,1875
ETH,1876
ETH,1885
ETH,1886
ETH,1887
ETH,1888
ETH,1889
ETH,1895
ETH,1896
ETH,1900
ETH,1901
ETH,1902
ETH,1903
ETH,1904
ETH,1905
ETH,1906
ETH,1907
ETH,1908
ETH,1909
ETH,1910
ETH,1911
ETH,1912
ETH,1913
ETH,1914
ETH,1915
ETH,1916
ETH,1917
ETH,1918
ETH,1919
ETH,1920
ETH,1930
ETH,1935
ETH,1936
ETH,1940
ETH,1941
ETH,1942
ETH,1943
ETH,1950
ETH,1951
ETH,1952
ETH,1953
ETH,1960
ETH,1961
ETH,1962
ETH,1963
ETH,1964
ETH,1965
ETH,1966
ETH,1967
ETH,1968
ETH,1969
ETH,1970
ETH,1971
ETH,1972
ETH,1973
ETH,1974
ETH,1975
ETH,1976
ETH,1977
ETH,1978
ETH,1979
ETH,1980
ETH,1981
ETH,1982
ETH,1983
ETH,1984
ETH,1985
ETH,1986
ETH,1987
ETH,1988
ETH,1989
ETH,1990
ETH,1991
FIN,1918
FIN,1919
FIN,1920
FIN,1921
FIN,1922
FIN,1939
FIN,1940
FIN,1941
FIN,1942
FIN,1943
FIN,1944
FIN,1945
FIN,2009
FIN,2010
FIN,2011
FIN,2012
FIN,2013
FIN,2014
FIN,2015
FIN,2016
FIN,2017
FIN,2018
FIN,2019
FJI,1855
FJI,1859
FJI,1943
FJI,1944
FJI,1945
FJI,1946
FJI,1947
FJI,1948
FJI,1949
FJI,1950
FJI,1951
FJI,1952
FJI,1953
FJI,1954
FJI,1955
FJI,1956
FJI,1957
FJI,1958
FJI,1959
FJI,1960
FJI,1987
FJI,1988
FJI,1989
FRA,1850
FRA,1851
FRA,1852
FRA,1853
FRA,1854
FRA,1855
FRA,1856
FRA,1857
FRA,1858
FRA,1859
FRA,1860
FRA,1861
FRA,1862
FRA,1863
FRA,1864
FRA,1865
FRA,1866
FRA,1867
FRA,1868
FRA,1869
FRA,1870
FRA,1871
FRA,1872
FRA,1873
FRA,1874
FRA,1875
FRA,1876
FRA,1877
FRA,1878
FRA,1879
FRA,1880
FRA,1881
FRA,1882
FRA,1883
FRA,1884
FRA,1885
FRA,1886
FRA,1887
FRA,1888
FRA,1889
FRA,1890
FRA,1891
FRA,1892
FRA,1893
FRA,1894
FRA,1895
FRA,1896
FRA,1897
FRA,1898
FRA,1904
FRA,1905
FRA,1909
FRA,1910
FRA,1911
FRA,1912
FRA,1913
FRA,1914
FRA,1915
FRA,1916
FRA,1917
FRA,1918
FRA,1919
FRA,1920
FRA,1921
FRA,1922
FRA,1923
FRA,1924
FRA,1925
FRA,1926
FRA,1927
FRA,1928
FRA,1929
FRA,1930
FRA,1931
FRA,1932
FRA,1933
FRA,1934
FRA,1940
FRA,1941
FRA,1945
FRA,1946
FRA,1947
FRA,1948
FRA,1949
FRA,1950
FRA,1951
FRA,1952
FRA,1953
FRA,1954
FRA,1955
FRA,1956
FRA,1957
FRA,1958
FRA,1959
FRA,1960
FRA,1961
FRA,1962
FRA,1976
FRA,1977
FRA,1978
FRA,1979
FRA,1980
FRA,1981
FRA,1982
FRA,1983
FRA,1984
FRA,1985
FRA,1986
FRA,1987
FRA,1988
FRA,1989
FRA,1990
FRA,1991
FRA,1992
FRA,1993
FRA,1994
FRA,1995
FRA,1996
FRA,1997
FRA,1998
FRA,1999
FRA,2000
FRA,2001
FRA,2002
FRA,2003
FRA,2004
FRA,2005
FRA,2006
FRA,2007
FRA,2008
FRA,2009
FRA,2010
FRA,2011
FRA,2012
FRA,2013
FRA,2014
FRA,2015
FRA,2016
FRA,2017
FRA,2018
FRA,2019
GAB,1993
GAB,1994
GAB,2013
GAB,2014
GAB,2015
GAB,2016
GAB,2017
GAB,2018
GAB,2019
GBR,1900
GBR,1901
GBR,1902
GBR,1903
GBR,1904
GBR,1908
GBR,1914
GBR,1915
GBR,1916
GBR,1917
GBR,1918
GBR,1919
GBR,1920
GBR,1921
GBR,1922
GBR,1923
GBR,1927
GBR,1928
GBR,1929
GBR,1930
GBR,1936
GBR,1937
GBR,1938
GBR,1939
GBR,1940
GBR,1941
GBR,1942
GBR,1943
GBR,1944
GBR,1945
GBR,1946
GBR,1947
GBR,1948
GBR,1949
GBR,1950
GBR,1951
GBR,1952
GBR,1953
GBR,1954
GBR,1955
GBR,1956
GBR,1957
GBR,1958
GBR,1959
GBR,1960
GBR,1961
GBR,1962
GBR,1963
GBR,1964
GBR,1965
GBR,1966
GBR,1967
GBR,1968
GBR,1969
GBR,1970
GBR,1971
GBR,1972
GBR,1973
GBR,1974
GBR,1975
GBR,1976
GBR,1977
GBR,1978
GBR,1979
GBR,1980
GBR,1981
GBR,1982
GBR,1983
GBR,1984
GBR,1985
GBR,1986
GBR,1987
GBR,1988
GBR,1989
GBR,1990
GBR,1991
GBR,1992
GBR,1993
GBR,1994
GBR,1995
GBR,1996
GBR,1997
GBR,1998
GBR,1999
GBR,2000
GBR,2001
GBR,2002
GBR,2003
GBR,2004
GBR,2005
GBR,2006
GBR,2007
GBR,2008
GBR,2009
GBR,2010
GBR,2011
GBR,2012
GBR,2013
GBR,2014
GBR,2015
GBR,2016
GBR,2017
GBR,2018
GBR,2019
GEO,1850
GEO,1851
GEO,1852
GEO,1853
GEO,1854
GEO,1855
GEO,1856
GEO,1857
GEO,1858
GEO,1859
GEO,1860
GEO,1861
GEO,1862
GEO,1863
GEO,1864
GEO,1877
GEO,1878
GEO,1921
GEO,1922
GEO,1923
GEO,1924
GEO,1941
GEO,1942
GEO,1943
GEO,1944
GEO,1945
GEO,1956
GEO,1968
GEO,1979
GEO,1980
GEO,1981
GEO,1982
GEO,1983
GEO,1984
GEO,1985
GEO,1986
GEO,1987
GEO,1988
GEO,1989
GEO,1991
GEO,1992
GEO,1993
GEO,1998
GEO,2001
GEO,2002
GEO,2003
GEO,2004
GEO,2005
GEO,2006
GEO,2007
GEO,2008
GEO,2009
GEO,2010
GEO,2011
GEO,2012
GEO,2013
GEO,2014
GEO,2015
GEO,2016
GEO,2017
GEO,2018
GEO,2019
GMB,1981
GMB,1982
GMB,1983
GMB,1984
GMB,1985
GMB,1986
GMB,1987
GMB,1988
GMB,1989
GMB,1990
GMB,1991
GMB,1992
GMB,1993
GMB,1994
GMB,1995
GMB,1996
GMB,1997
GMB,1998
GMB,1999
GMB,2000
GMB,2001
GMB,2002
GMB,2003
GMB,2004
GMB,2005
GMB,2006
GMB,2007
GMB,2008
GMB,2009
GMB,2010
GMB,2011
GMB,2012
GMB,2013
GMB,2014
GMB,2015
GMB,2016
GMB,2017
GNB,1963
GNB,1964
GNB,1965
GNB,1966
GNB,1967
GNB,1968
GNB,1969
GNB,1970
GNB,1971
GNB,1972
GNB,1973
GNB,1974
GNB,1998
GNB,1999
GNB,2012
GRC,1853
GRC,1854
GRC,1855
GRC,1856
GRC,1858
GRC,1866
GRC,1867
GRC,1868
GRC,1869
GRC,1878
GRC,1885
GRC,1888
GRC,1889
GRC,1895
GRC,1896
GRC,1897
GRC,1898
GRC,1904
GRC,1905
GRC,1906
GRC,1907
GRC,1908
GRC,1912
GRC,1913
GRC,1914
GRC,1915
GRC,1916
GRC,1917
GRC,1918
GRC,1919
GRC,1920
GRC,1921
GRC,1922
GRC,1923
GRC,1925
GRC,1939
GRC,1940
GRC,1941
GRC,1942
GRC,1943
GRC,1944
GRC,1945
GRC,1946
GRC,1947
GRC,1948
GRC,1949
GRC,1950
GRC,1951
GRC,1952
GRC,1953
GRC,1954
GRC,1955
GRC,1956
GRC,1957
GRC,1958
GRC,1959
GRC,1960
GRC,1961
GRC,1962
GRC,1963
GRC,1964
GRC,1965
GRC,1966
GRC,1967
GRC,1968
GRC,1969
GRC,1970
GRC,1971
GRC,1972
GRC,1973
GRC,1974
GRC,1975
GRC,1976
GRC,1977
GRC,1978
GRC,1979
GRC,1980
GRC,1981
GRC,1982
GRC,1983
GRC,1984
GRC,1985
GRC,1986
GRC,1987
GRC,1988
GRC,1989
GRC,1990
GRC,1991
GRC,1992
GRC,1993
GRC,1994
GRC,1995
GRC,1996
GRC,1997
GRC,1998
GRC,1999
GRC,2000
GRC,2001
GRC,2002
GRC,2003
GRC,2004
GRC,2005
GRC,2006
GRC,2007
GRC,2008
GRC,2009
GRC,2010
GRC,2011
GRC,2012
GRC,2013
GRC,2014
GRC,2015
GRC,2016
GRC,2017
GRC,2018
GRC,2019
GTM,1856
GTM,1857
GTM,1918
GTM,1941
GTM,1942
GTM,1943
GTM,1944
GTM,1945
GTM,1958
GTM,1959
GTM,1960
GTM,1961
GTM,1962
GTM,1963
GTM,1964
GTM,1965
GTM,1966
GTM,1967
GTM,1968
GTM,1969
GTM,1970
GTM,1971
GTM,1972
GTM,1973
GTM,1974
GTM,1975
GTM,1976
GTM,1977
GTM,1978
GTM,1979
GTM,1980
GTM,1981
GTM,1982
GTM,1983
GTM,1984
GTM,1985
GTM,1986
GTM,1987
GTM,1988
GTM,1989
GTM,1990
GTM,1991
GTM,1992
GTM,1993
GTM,1994
GTM,1995
GTM,1996
GUY,1938
GUY,1939
GUY,1940
GUY,1941
GUY,1942
GUY,1943
GUY,1944
GUY,1945
GUY,1969
HND,1856
HND,1857
HND,1918
HND,1941
HND,1942
HND,1943
HND,1944
HND,1945
HND,1961
HND,1962
HND,1963
HND,1964
HND,1965
HND,1966
HND,1967
HND,1968
HND,1969
HND,1970
HND,1971
HND,1972
HND,1973
HND,1974
HND,1975
HND,1976
HND,1977
HND,1978
HND,1979
HND,1980
HND,1981
HND,1982
HND,1983
HND,1984
HND,1985
HND,1986
HND,1987
HND,1988
HND,1989
HND,1990
HND,2003
HND,2004
HND,2005
HND,2006
HND,2007
HND,2008
HND,2009
HND,2010
HND,2011
HTI,1850
HTI,1851
HTI,1852
HTI,1853
HTI,1854
HTI,1855
HTI,1856
HTI,1914
HTI,1915
HTI,1916
HTI,1917
HTI,1918
HTI,1919
HTI,1920
HTI,1941
HTI,1942
HTI,1943
HTI,1944
HTI,1945
HTI,1994
HTI,1995
HTI,2004
HUN,1900
HUN,1901
HUN,1914
HUN,1915
HUN,1916
HUN,1917
HUN,1918
HUN,1919
HUN,1921
HUN,1939
HUN,1940
HUN,1941
HUN,1942
HUN,1943
HUN,1944
HUN,1945
HUN,1956
HUN,1968
HUN,2001
HUN,2002
HUN,2003
HUN,2004
HUN,2005
HUN,2006
HUN,2007
HUN,2008
HUN,2009
HUN,2010
HUN,2011
HUN,2012
HUN,2013
HUN,2014
HUN,2015
HUN,2016
HUN,2017
HUN,2018
HUN,2019
IDN,1850
IDN,1851
IDN,1852
IDN,1853
IDN,1854
IDN,1855
IDN,1856
IDN,1857
IDN,1858
IDN,1859
IDN,1860
IDN,1861
IDN,1862
IDN,1863
IDN,1864
IDN,1865
IDN,1866
IDN,1867
IDN,1868
IDN,1869
IDN,1870
IDN,1871
IDN,1872
IDN,1873
IDN,1874
IDN,1875
IDN,1876
IDN,1877
IDN,1878
IDN,1879
IDN,1880
IDN,1881
IDN,1882
IDN,1883
IDN,1884
IDN,1885
IDN,1886
IDN,1887
IDN,1888
IDN,1889
IDN,1890
IDN,1891
IDN,1892
IDN,1893
IDN,1894
IDN,1895
IDN,1896
IDN,1897
IDN,1898
IDN,1899
IDN,1900
IDN,1901
IDN,1902
IDN,1903
IDN,1904
IDN,1905
IDN,1906
IDN,1907
IDN,1908
IDN,1909
IDN,1910
IDN,1911
IDN,1912
IDN,1913
IDN,1914
IDN,1915
IDN,1916
IDN,1917
IDN,1918
IDN,1919
IDN,1920
IDN,1921
IDN,1922
IDN,1923
IDN,1924
IDN,1925
IDN,1926
IDN,1927
IDN,1928
IDN,1929
IDN,1930
IDN,1931
IDN,1932
IDN,1933
IDN,1934
IDN,1935
IDN,1936
IDN,1937
IDN,1938
IDN,1939
IDN,1940
IDN,1941
IDN,1942
IDN,1943
IDN,1944
IDN,1945
IDN,1946
IDN,1947
IDN,1948
IDN,1949
IDN,1950
IDN,1951
IDN,1952
IDN,1953
IDN,1954
IDN,1955
IDN,1956
IDN,1957
IDN,1958
IDN,1959
IDN,1960
IDN,1961
IDN,1962
IDN,1963
IDN,1964
IDN,1965
IDN,1966
IDN,1967
IDN,1968
IDN,1969
IDN,1970
IDN,1971
IDN,1972
IDN,1973
IDN,1974
IDN,1975
IDN,1976
IDN,1977
IDN,1978
IDN,1979
IDN,1980
IDN,1981
IDN,1982
IDN,1983
IDN,1984
IDN,1985
IDN,1986
IDN,1987
IDN,1988
IDN,1989
IDN,1990
IDN,1991
IDN,1992
IDN,1993
IDN,1994
IDN,1995
IDN,1996
IDN,1997
IDN,1998
IDN,1999
IDN,2000
IDN,2001
IDN,2002
IDN,2003
IDN,2004
IDN,2005
IDN,2006
IDN,2007
IDN,2008
IDN,2009
IDN,2010
IDN,2011
IDN,2012
IDN,2013
IDN,2014
IDN,2015
IDN,2016
IDN,2017
IDN,2018
IDN,2019
IND,1900
IND,1901
IND,1902
IND,1903
IND,1904
IND,1906
IND,1908
IND,1914
IND,1915
IND,1916
IND,1917
IND,1918
IND,1919
IND,1920
IND,1921
IND,1922
IND,1923
IND,1925
IND,1935
IND,1936
IND,1937
IND,1938
IND,1939
IND,1940
IND,1941
IND,1942
IND,1943
IND,1944
IND,1945
IND,1946
IND,1947
IND,1948
IND,1954
IND,1955
IND,1956
IND,1957
IND,1958
IND,1959
IND,1960
IND,1961
IND,1962
IND,1963
IND,1964
IND,1965
IND,1966
IND,1967
IND,1968
IND,1969
IND,1970
IND,1971
IND,1972
IND,1973
IND,1974
IND,1975
IND,1976
IND,1977
IND,1978
IND,1979
IND,1980
IND,1981
IND,1982
IND,1983
IND,1984
IND,1985
IND,1986
IND,1987
IND,1988
IND,1989
IND,1990
IND,1991
IND,1992
IND,1993
IND,1994
IND,1995
IND,1996
IND,1997
IND,1998
IND,1999
IND,2000
IND,2001
IND,2002
IND,2003
IND,2004
IND,2005
IND,2006
IND,2007
IND,2008
IND,2009
IND,2010
IND,2011
IND,2012
IND,2013
IND,2014
IND,2015
IND,2016
IND,2017
IND,2018
IND,2019
IRL,1919
IRL,1920
IRL,1921
IRL,1922
IRL,1923
IRL,1942
IRL,1943
IRL,1944
IRL,1960
IRL,1961
IRL,1962
IRL,1963
IRL,1964
IRL,1965
IRL,1966
IRL,1967
IRL,1968
IRL,1969
IRL,1970
IRL,1971
IRL,1972
IRL,1973
IRL,1974
IRL,1975
IRL,1976
IRL,1977
IRL,1978
IRL,1979
IRL,1980
IRL,1981
IRL,1982
IRL,1983
IRL,1984
IRL,1985
IRL,1986
IRL,1987
IRL,1988
IRL,1989
IRL,1990
IRL,1991
IRL,1992
IRL,1993
IRL,1994
IRL,1995
IRL,1996
IRL,1997
IRL,1998
IRL,1999
IRL,2000
IRL,2001
IRL,2002
IRL,2003
IRL,2004
IRL,2005
IRL,2006
IRL,2007
IRL,2008
IRL,2009
IRL,2010
IRL,2011
IRL,2012
IRL,2013
IRL,2014
IRL,2015
IRL,2016
IRL,2017
IRL,2018
IRL,2019
IRN,1856
IRN,1857
IRN,1911
IRN,1912
IRN,1913
IRN,1914
IRN,1915
IRN,1916
IRN,1917
IRN,1918
IRN,1925
IRN,1926
IRN,1927
IRN,1928
IRN,1929
IRN,1930
IRN,1931
IRN,1932
IRN,1933
IRN,1934
IRN,1935
IRN,1936
IRN,1937
IRN,1938
IRN,1939
IRN,1940
IRN,1941
IRN,1942
IRN,1943
IRN,1944
IRN,1945
IRN,1946
IRN,1947
IRN,1948
IRN,1949
IRN,1950
IRN,1951
IRN,1952
IRN,1953
IRN,1954
IRN,1955
IRN,1956
IRN,1957
IRN,1958
IRN,1959
IRN,1960
IRN,1961
IRN,1962
IRN,1963
IRN,1964
IRN,1965
IRN,1966
IRN,1967
IRN,1968
IRN,1969
IRN,1970
IRN,1971
IRN,1972
IRN,1973
IRN,1974
IRN,1975
IRN,1976
IRN,1977
IRN,1978
IRN,1979
IRN,1980
IRN,1981
IRN,1982
IRN,1983
IRN,1984
IRN,1985
IRN,1986
IRN,1987
IRN,1988
IRN,2004
IRN,2005
IRN,2006
IRN,2007
IRN,2008
IRN,2009
IRN,2010
IRN,2011
IRN,2012
IRN,2013
IRN,2014
IRN,2015
IRN,2016
IRN,2017
IRN,2018
IRN,2019
IRQ,1920
IRQ,1935
IRQ,1936
IRQ,1941
IRQ,1943
IRQ,1944
IRQ,1945
IRQ,1948
IRQ,1949
IRQ,1959
IRQ,1961
IRQ,1962
IRQ,1963
IRQ,1964
IRQ,1965
IRQ,1966
IRQ,1967
IRQ,1968
IRQ,1969
IRQ,1970
IRQ,1973
IRQ,1974
IRQ,1975
IRQ,1980
IRQ,1981
IRQ,1982
IRQ,1983
IRQ,1984
IRQ,1985
IRQ,1986
IRQ,1987
IRQ,1988
IRQ,1990
IRQ,1991
IRQ,1995
IRQ,1996
IRQ,1998
IRQ,1999
IRQ,2003
IRQ,2004
IRQ,2005
IRQ,2006
IRQ,2007
IRQ,2008
IRQ,2009
IRQ,2010
IRQ,2011
IRQ,2012
IRQ,2013
IRQ,2014
IRQ,2015
IRQ,2016
IRQ,2017
IRQ,2018
IRQ,2019
ISL,1958
ISL,1959
ISL,1960
ISL,1961
ISL,1972
ISL,1973
ISL,1975
ISL,1976
ISR,1947
ISR,1948
ISR,1949
ISR,1950
ISR,1951
ISR,1952
ISR,1953
ISR,1954
ISR,1955
ISR,1956
ISR,1957
ISR,1958
ISR,1959
ISR,1960
ISR,1967
ISR,1968
ISR,1969
ISR,1970
ISR,1971
ISR,1972
ISR,1973
ISR,1974
ISR,1975
ISR,1976
ISR,1977
ISR,1978
ISR,1979
ISR,1980
ISR,1981
ISR,1982
ISR,1985
ISR,1986
ISR,1987
ISR,1988
ISR,1989
ISR,1990
ISR,1991
ISR,1992
ISR,1993
ISR,1994
ISR,1995
ISR,1996
ISR,1997
ISR,1998
ISR,1999
ISR,2000
ISR,2001
ISR,2002
ISR,2003
ISR,2004
ISR,2005
ISR,2006
ISR,2008
ISR,2009
ISR,2012
ISR,2014
ITA,1889
ITA,1890
ITA,1891
ITA,1892
ITA,1893
ITA,1894
ITA,1895
ITA,1896
ITA,1897
ITA,1898
ITA,1899
ITA,1900
ITA,1901
ITA,1902
ITA,1903
ITA,1904
ITA,1905
ITA,1906
ITA,1907
ITA,1908
ITA,1909
ITA,1910
ITA,1911
ITA,1912
ITA,1913
ITA,1914
ITA,1915
ITA,1916
ITA,1917
ITA,1918
ITA,1919
ITA,1920
ITA,1921
ITA,1922
ITA,1923
ITA,1924
ITA,1925
ITA,1926
ITA,1927
ITA,1928
ITA,1929
ITA,1930
ITA,1931
ITA,1932
ITA,1933
ITA,1934
ITA,1935
ITA,1936
ITA,1937
ITA,1938
ITA,1939
ITA,1940
ITA,1941
ITA,1942
ITA,1943
ITA,1944
ITA,1945
ITA,1982
ITA,1983
ITA,1984
ITA,1991
ITA,1992
ITA,1993
ITA,1994
ITA,1995
ITA,1996
ITA,1997
ITA,1998
ITA,1999
ITA,2001
ITA,2002
ITA,2003
ITA,2004
ITA,2005
ITA,2006
ITA,2007
ITA,2008
ITA,2009
ITA,2010
ITA,2011
ITA,2012
ITA,2013
ITA,2014
ITA,2015
ITA,2016
ITA,2017
ITA,2018
ITA,2019
JAM,1983
JOR,1921
JOR,1922
JOR,1923
JOR,1941
JOR,1948
JOR,1949
JOR,1967
JOR,1968
JOR,1969
JOR,1970
JOR,1971
JOR,1973
JOR,2009
JOR,2010
JOR,2011
JOR,2014
JOR,2015
JOR,2016
JOR,2017
JOR,2018
JOR,2019
JPN,1894
JPN,1895
JPN,1899
JPN,1900
JPN,1901
JPN,1904
JPN,1905
JPN,1914
JPN,1915
JPN,1916
JPN,1917
JPN,1918
JPN,1919
JPN,1920
JPN,1921
JPN,1922
JPN,1931
JPN,1932
JPN,1937
JPN,1938
JPN,1939
JPN,1940
JPN,1941
JPN,1942
JPN,1943
JPN,1944
JPN,1945
JPN,1946
JPN,2001
JPN,2009
JPN,2010
JPN,2011
JPN,2012
JPN,2013
JPN,2014
JPN,2015
JPN,2016
KAZ,1916
KAZ,1917
KAZ,1918
KAZ,1919
KAZ,1920
KAZ,1921
KAZ,1922
KAZ,1923
KAZ,1924
KAZ,1925
KAZ,1926
KAZ,1927
KAZ,1928
KAZ,1929
KAZ,1930
KAZ,1931
KAZ,1932
KAZ,1933
KAZ,1934
KAZ,1935
KAZ,1936
KAZ,1937
KAZ,1938
KAZ,1939
KAZ,1940
KAZ,1941
KAZ,1942
KAZ,1943
KAZ,1944
KAZ,1945
KAZ,1946
KAZ,1947
KAZ,1948
KAZ,1949
KAZ,1950
KAZ,1951
KAZ,1952
KAZ,1953
KAZ,1954
KAZ,1955
KAZ,1956
KAZ,1957
KAZ,1958
KAZ,1959
KAZ,1960
KAZ,1961
KAZ,1962
KAZ,1963
KAZ,1964
KAZ,1965
KAZ,1966
KAZ,1967
KAZ,1968
KAZ,1969
KAZ,1970
KAZ,1971
KAZ,1972
KAZ,1973
KAZ,1974
KAZ,1975
KAZ,1976
KAZ,1977
KAZ,1978
KAZ,1979
KAZ,1980
KAZ,1981
KAZ,1982
KAZ,1983
KAZ,1984
KAZ,1985
KAZ,1986
KAZ,1987
KAZ,1988
KAZ,1989
KAZ,1990
KAZ,1991
KAZ,1992
KAZ,1993
KAZ,1994
KAZ,1995
KAZ,1996
KAZ,1997
KAZ,1998
KAZ,1999
KAZ,2000
KAZ,2001
KAZ,2002
KAZ,2003
KAZ,2004
KAZ,2005
KAZ,2006
KAZ,2007
KAZ,2008
KAZ,2009
KAZ,2010
KAZ,2011
KAZ,2012
KAZ,2013
KAZ,2014
KAZ,2015
KAZ,2016
KAZ,2017
KAZ,2018
KAZ,2019
KEN,1963
KEN,1964
KEN,1965
KEN,1966
KEN,1967
KEN,2005
KEN,2006
KEN,2007
KEN,2008
KEN,2011
KEN,2012
KEN,2013
KEN,2014
KEN,2015
KEN,2016
KEN,2017
KEN,2018
KEN,2019
KGZ,1992
KGZ,1993
KGZ,1994
KGZ,1995
KGZ,1996
KGZ,1997
KGZ,2005
KGZ,2010
KOR,1866
KOR,1871
KOR,1875
KOR,1882
KOR,1884
KOR,1894
KOR,1895
KOR,1905
KOR,1907
KOR,1909
KOR,1920
KOR,1921
KOR,1942
KOR,1943
KOR,1944
KOR,1945
KOR,1950
KOR,1951
KOR,1952
KOR,1953
KOR,1964
KOR,1965
KOR,1966
KOR,1967
KOR,1968
KOR,1969
KOR,1970
KOR,1971
KOR,1972
KOR,1973
KOR,1990
KOR,1991
KOR,2002
KOR,2003
KOR,2004
KOR,2005
KOR,2006
KOR,2007
KOR,2008
KOR,2009
KOR,2010
KOR,2011
KOR,2012
KOR,2013
KOR,2014
KWT,1870
KWT,1871
KWT,1900
KWT,1901
KWT,1903
KWT,1910
KWT,1914
KWT,1915
KWT,1916
KWT,1917
KWT,1918
KWT,1919
KWT,1920
KWT,1927
KWT,1928
KWT,1929
KWT,1930
KWT,1967
KWT,1973
KWT,1990
KWT,1991
KWT,2015
KWT,2016
KWT,2017
KWT,2018
KWT,2019
LBN,1948
LBN,1949
LBN,1958
LBN,1975
LBN,1976
LBN,1977
LBN,1978
LBN,1979
LBN,1980
LBN,1981
LBN,1982
LBN,1983
LBN,1984
LBN,1985
LBN,1986
LBN,1987
LBN,1988
LBN,1989
LBN,1990
LBN,1991
LBN,1992
LBN,1993
LBN,1994
LBN,1995
LBN,1996
LBN,1997
LBN,1998
LBN,1999
LBN,2000
LBN,2006
LBN,2007
LBN,2008
LBN,2011
LBN,2012
LBN,2013
LBN,2014
LBN,2015
LBN,2016
LBN,2017
LBR,1914
LBR,1915
LBR,1916
LBR,1917
LBR,1918
LBR,1939
LBR,1940
LBR,1941
LBR,1942
LBR,1943
LBR,1944
LBR,1945
LBR,1980
LBR,1989
LBR,1990
LBR,1991
LBR,1992
LBR,1993
LBR,1994
LBR,1995
LBR,1996
LBR,1997
LBR,1998
LBR,1999
LBR,2000
LBR,2001
LBR,2002
LBR,2003
LKA,1899
LKA,1900
LKA,1901
LKA,1902
LKA,1914
LKA,1915
LKA,1916
LKA,1917
LKA,1918
LKA,1931
LKA,1932
LKA,1933
LKA,1934
LKA,1935
LKA,1936
LKA,1937
LKA,1938
LKA,1939
LKA,1940
LKA,1941
LKA,1942
LKA,1943
LKA,1944
LKA,1945
LKA,1971
LKA,1978
LKA,1979
LKA,1980
LKA,1981
LKA,1982
LKA,1983
LKA,1984
LKA,1985
LKA,1986
LKA,1987
LKA,1988
LKA,1989
LKA,1990
LKA,1991
LKA,1992
LKA,1993
LKA,1994
LKA,1995
LKA,1996
LKA,1997
LKA,1998
LKA,1999
LKA,2000
LKA,2001
LKA,2002
LKA,2003
LKA,2004
LKA,2005
LKA,2006
LKA,2007
LKA,2008
LKA,2009
LKA,2010
LKA,2011
LKA,2012
LKA,2013
LKA,2014
LKA,2015
LKA,2016
LKA,2017
LKA,2018
LKA,2019
LSO,1851
LSO,1852
LSO,1858
LSO,1865
LSO,1866
LSO,1880
LSO,1881
LSO,1974
LSO,1979
LSO,1980
LSO,1981
LSO,1982
LSO,1983
LSO,1984
LSO,1985
LSO,1986
LSO,1987
LSO,1988
LSO,1989
LSO,1990
LSO,1998
LTU,1863
LTU,1864
LTU,1865
LTU,1914
LTU,1915
LTU,1916
LTU,1917
LTU,1918
LTU,1919
LTU,1920
LTU,1923
LTU,1940
LTU,1941
LTU,1944
LTU,1945
LTU,1946
LTU,1947
LTU,1948
LTU,1949
LTU,1950
LTU,1951
LTU,1952
LTU,1953
LTU,1990
LTU,1991
LUX,1914
LUX,1915
LUX,1916
LUX,1917
LUX,1918
LUX,1940
LUX,1941
LUX,1942
LUX,1943
LUX,1944
LUX,1945
LUX,1950
LUX,1951
LUX,1952
LUX,1953
LUX,1998
LUX,1999
LUX,2001
LUX,2002
LUX,2003
LUX,2004
LUX,2005
LUX,2006
LUX,2007
LUX,2008
LUX,2009
LUX,2010
LUX,2011
LUX,2012
LUX,2013
LUX,2014
LVA,1918
LVA,1919
LVA,1920
LVA,1939
LVA,1940
LVA,1941
LVA,1942
LVA,1943
LVA,1944
LVA,1945
LVA,2001
LVA,2002
LVA,2003
LVA,2004
LVA,2005
LVA,2006
LVA,2007
LVA,2008
LVA,2009
LVA,2010
LVA,2011
LVA,2012
LVA,2013
LVA,2014
LVA,2015
LVA,2016
LVA,2017
LVA,2018
LVA,2019
LYB,1911
LYB,1912
LYB,1913
LYB,1914
LYB,1915
LYB,1916
LYB,1917
LYB,1923
LYB,1924
LYB,1925
LYB,1926
LYB,1927
LYB,1928
LYB,1929
LYB,1930
LYB,1931
LYB,1932
LYB,1970
LYB,1976
LYB,1977
LYB,1978
LYB,1979
LYB,1980
LYB,1981
LYB,1982
LYB,1983
LYB,1984
LYB,1985
LYB,1986
LYB,1987
LYB,1988
LYB,2008
LYB,2011
LYB,2014
LYB,2015
LYB,2016
LYB,2017
LYB,2018
LYB,2019
MDA,1918
MDA,2003
MDA,2004
MDA,2005
MDA,2006
MDA,2007
MDA,2008
MEX,1850
MEX,1851
MEX,1852
MEX,1853
MEX,1854
MEX,1855
MEX,1856
MEX,1857
MEX,1858
MEX,1859
MEX,1860
MEX,1861
MEX,1862
MEX,1863
MEX,1864
MEX,1865
MEX,1866
MEX,1867
MEX,1868
MEX,1869
MEX,1870
MEX,1871
MEX,1872
MEX,1873
MEX,1874
MEX,1875
MEX,1876
MEX,1877
MEX,1878
MEX,1879
MEX,1880
MEX,1881
MEX,1882
MEX,1883
MEX,1884
MEX,1885
MEX,1886
MEX,1887
MEX,1888
MEX,1889
MEX,1890
MEX,1891
MEX,1892
MEX,1893
MEX,1894
MEX,1895
MEX,1896
MEX,1897
MEX,1898
MEX,1899
MEX,1900
MEX,1901
MEX,1902
MEX,1903
MEX,1904
MEX,1905
MEX,1906
MEX,1907
MEX,1908
MEX,1909
MEX,1910
MEX,1911
MEX,1912
MEX,1913
MEX,1914
MEX,1915
MEX,1916
MEX,1917
MEX,1918
MEX,1919
MEX,1920
MEX,1921
MEX,1922
MEX,1923
MEX,1924
MEX,1925
MEX,1926
MEX,1927
MEX,1928
MEX,1929
MEX,1930
MEX,1931
MEX,1932
MEX,1933
MEX,1937
MEX,1938
MEX,1939
MEX,1942
MEX,1943
MEX,1944
MEX,1945
MEX,1958
MEX,1959
MEX,1962
MEX,1963
MEX,1964
MEX,1965
MEX,1966
MEX,1967
MEX,1968
MEX,1969
MEX,1970
MEX,1971
MEX,1972
MEX,1973
MEX,1974
MEX,1975
MEX,1976
MEX,1977
MEX,1978
MEX,1979
MEX,1980
MEX,1981
MEX,1982
MEX,1983
MEX,1984
MEX,1985
MEX,1986
MEX,1987
MEX,1988
MEX,1989
MEX,1990
MEX,1994
MEX,2006
MEX,2007
MEX,2008
MEX,2009
MEX,2010
MEX,2011
MEX,2012
MEX,2013
MEX,2014
MEX,2015
MEX,2016
MEX,2017
MEX,2018
MEX,2019
MKD,1992
MKD,1993
MKD,1994
MKD,1995
MKD,2001
MKD,2002
MKD,2003
MKD,2004
MKD,2005
MKD,2006
MKD,2007
MKD,2008
MKD,2009
MKD,2010
MKD,2011
MKD,2012
MKD,2013
MKD,2014
MLI,1985
MLI,2012
MLI,2013
MLI,2014
MLI,2015
MLT,1940
MLT,1941
MLT,1942
MLT,2008
MLT,2009
MLT,2010
MLT,2011
MLT,2012
MLT,2013
MLT,2014
MLT,2015
MLT,2016
MLT,2017
MLT,2018
MLT,2019
MMR,1948
MMR,1949
MMR,1950
MMR,1951
MMR,1952
MMR,1953
MMR,1954
MMR,1955
MMR,1956
MMR,1957
MMR,1958
MMR,1959
MMR,1960
MMR,1961
MMR,1962
MMR,1963
MMR,1964
MMR,1965
MMR,1966
MMR,1967
MMR,1968
MMR,1969
MMR,1970
MMR,1971
MMR,1972
MMR,1973
MMR,1974
MMR,1975
MMR,1976
MMR,1977
MMR,1978
MMR,1979
MMR,1980
MMR,1981
MMR,1982
MMR,1983
MMR,1984
MMR,1985
MMR,1986
MMR,1987
MMR,1988
MMR,1989
MMR,1990
MMR,1991
MMR,1992
MMR,1993
MMR,1994
MMR,1995
MMR,1996
MMR,1997
MMR,1998
MMR,1999
MMR,2000
MMR,2001
MMR,2002
MMR,2003
MMR,2004
MMR,2005
MMR,2006
MMR,2007
MMR,2008
MMR,2009
MMR,2010
MMR,2011
MMR,2012
MMR,2013
MMR,2014
MMR,2015
MMR,2016
MMR,2017
MMR,2018
MMR,2019
MNG,1911
MNG,1914
MNG,1915
MNG,1917
MNG,1918
MNG,1919
MNG,1920
MNG,1921
MNG,1922
MNG,1923
MNG,1935
MNG,1936
MNG,1937
MNG,1939
MNG,1940
MNG,1941
MNG,1942
MNG,1943
MNG,1944
MNG,1945
MNG,1946
MNG,1947
MNG,1948
MOZ,1964
MOZ,1965
MOZ,1966
MOZ,1967
MOZ,1968
MOZ,1969
MOZ,1970
MOZ,1971
MOZ,1972
MOZ,1973
MOZ,1974
MOZ,1975
MOZ,1976
MOZ,1977
MOZ,1978
MOZ,1979
MOZ,1980
MOZ,1981
MOZ,1982
MOZ,1983
MOZ,1984
MOZ,1985
MOZ,1986
MOZ,1987
MOZ,1988
MOZ,1989
MOZ,1990
MOZ,1991
MOZ,1992
MOZ,1993
MOZ,1994
MOZ,2013
MOZ,2014
MOZ,2015
MOZ,2016
MOZ,2017
MOZ,2018
MOZ,2019
MRT,1975
MRT,1976
MRT,1977
MRT,1978
MRT,1979
MRT,1989
MRT,1990
MRT,1991
MRT,2002
MRT,2003
MRT,2004
MRT,2005
MRT,2006
MRT,2007
MRT,2008
MRT,2009
MRT,2010
MRT,2011
MRT,2012
MRT,2013
MRT,2014
MRT,2015
MRT,2016
MRT,2017
MRT,2018
MRT,2019
MWI,1915
MWI,1987
MWI,1988
MWI,1989
MWI,1990
MWI,1991
MWI,1992
MWI,1993
MWI,2014
MWI,2015
MWI,2016
MWI,2017
MWI,2018
MWI,2019
MYS,1948
MYS,1949
MYS,1950
MYS,1951
MYS,1952
MYS,1953
MYS,1954
MYS,1955
MYS,1956
MYS,1957
MYS,1958
MYS,1959
MYS,1960
MYS,1961
MYS,1962
MYS,1963
MYS,1964
MYS,1965
MYS,1966
MYS,1967
MYS,1968
MYS,1969
MYS,1970
MYS,1971
MYS,1972
MYS,1973
MYS,1974
MYS,1975
MYS,1976
MYS,1977
MYS,1978
MYS,1979
MYS,1980
MYS,1981
MYS,1982
MYS,1983
MYS,1984
MYS,1985
MYS,1986
MYS,1987
MYS,1988
MYS,1989
MYS,1990
MYS,1991
MYS,1992
MYS,1993
MYS,1994
MYS,1995
MYS,1996
MYS,1997
MYS,1998
MYS,1999
MYS,2000
MYS,2001
MYS,2002
MYS,2003
MYS,2004
MYS,2005
MYS,2006
MYS,2007
MYS,2008
MYS,2009
MYS,2010
MYS,2011
MYS,2012
MYS,2013
MYS,2014
MYS,2015
MYS,2016
MYS,2017
MYS,2018
MYS,2019
NER,1990
NER,1991
NER,1992
NER,1993
NER,1994
NER,1995
NER,2002
NER,2003
NER,2004
NER,2005
NER,2006
NER,2007
NER,2008
NER,2009
NER,2010
NER,2011
NER,2012
NER,2013
NER,2014
NER,2015
NER,2016
NER,2017
NER,2018
NER,2019
NGA,1883
NGA,1884
NGA,1885
NGA,1886
NGA,1887
NGA,1888
NGA,1889
NGA,1890
NGA,1891
NGA,1892
NGA,1893
NGA,1894
NGA,1895
NGA,1896
NGA,1897
NGA,1898
NGA,1899
NGA,1900
NGA,1901
NGA,1902
NGA,1903
NGA,1904
NGA,1905
NGA,1906
NGA,1907
NGA,1908
NGA,1909
NGA,1910
NGA,1911
NGA,1912
NGA,1913
NGA,1914
NGA,1915
NGA,1916
NGA,1917
NGA,1918
NGA,1940
NGA,1941
NGA,1942
NGA,1943
NGA,1944
NGA,1945
NGA,1960
NGA,1961
NGA,1962
NGA,1963
NGA,1964
NGA,1966
NGA,1967
NGA,1968
NGA,1969
NGA,1970
NGA,1977
NGA,1990
NGA,1991
NGA,1992
NGA,1993
NGA,1994
NGA,1995
NGA,1996
NGA,1997
NGA,1998
NGA,1999
NGA,2000
NGA,2001
NGA,2002
NGA,2004
NGA,2005
NGA,2006
NGA,2007
NGA,2008
NGA,2009
NGA,2010
NGA,2011
NGA,2012
NGA,2013
NGA,2014
NGA,2015
NGA,2016
NGA,2017
NGA,2018
NGA,2019
NIC,1854
NIC,1855
NIC,1856
NIC,1857
NIC,1894
NIC,1895
NIC,1906
NIC,1907
NIC,1909
NIC,1910
NIC,1912
NIC,1926
NIC,1927
NIC,1928
NIC,1929
NIC,1930
NIC,1931
NIC,1932
NIC,1933
NIC,1948
NIC,1955
NIC,1965
NIC,1966
NIC,1972
NIC,1973
NIC,1974
NIC,1975
NIC,1976
NIC,1977
NIC,1978
NIC,1979
NIC,1980
NIC,1981
NIC,1982
NIC,1983
NIC,1984
NIC,1985
NIC,1986
NIC,1987
NIC,1988
NIC,1989
NIC,1990
NIC,2003
NIC,2004
NLD,1850
NLD,1851
NLD,1852
NLD,1853
NLD,1854
NLD,1855
NLD,1856
NLD,1857
NLD,1858
NLD,1859
NLD,1860
NLD,1861
NLD,1862
NLD,1863
NLD,1864
NLD,1869
NLD,1870
NLD,1873
NLD,1874
NLD,1875
NLD,1876
NLD,1877
NLD,1878
NLD,1879
NLD,1880
NLD,1881
NLD,1882
NLD,1883
NLD,1884
NLD,1885
NLD,1886
NLD,1887
NLD,1888
NLD,1889
NLD,1890
NLD,1891
NLD,1892
NLD,1893
NLD,1894
NLD,1895
NLD,1896
NLD,1897
NLD,1898
NLD,1899
NLD,1900
NLD,1901
NLD,1902
NLD,1903
NLD,1904
NLD,1905
NLD,1906
NLD,1907
NLD,1908
NLD,1940
NLD,1941
NLD,1942
NLD,1943
NLD,1944
NLD,1945
NLD,1946
NLD,1947
NLD,1948
NLD,1949
NLD,1950
NLD,1951
NLD,1952
NLD,1953
NLD,1961
NLD,1962
NLD,1990
NLD,1991
NLD,1992
NLD,1993
NLD,1994
NLD,1995
NLD,1998
NLD,1999
NLD,2001
NLD,2002
NLD,2003
NLD,2004
NLD,2005
NLD,2006
NLD,2007
NLD,2008
NLD,2009
NLD,2010
NLD,2011
NLD,2012
NLD,2013
NLD,2014
NLD,2015
NLD,2016
NLD,2017
NLD,2018
NLD,2019
NOR,1940
NOR,1941
NOR,1942
NOR,1943
NOR,1944
NOR,1945
NOR,1960
NOR,1961
NOR,1962
NOR,1963
NOR,1964
NOR,1992
NOR,1993
NOR,1994
NOR,1995
NOR,1998
NOR,1999
NOR,2001
NOR,2002
NOR,2003
NOR,2004
NOR,2005
NOR,2006
NOR,2007
NOR,2008
NOR,2009
NOR,2010
NOR,2011
NOR,2012
NOR,2013
NOR,2014
NOR,2015
NOR,2016
NOR,2017
NOR,2018
NOR,2019
NPL,1914
NPL,1915
NPL,1916
NPL,1917
NPL,1918
NPL,1939
NPL,1940
NPL,1941
NPL,1942
NPL,1943
NPL,1944
NPL,1945
NPL,1989
NPL,1996
NPL,1997
NPL,1998
NPL,1999
NPL,2000
NPL,2001
NPL,2002
NPL,2003
NPL,2004
NPL,2005
NPL,2006
NPL,2015
NZL,1899
NZL,1900
NZL,1901
NZL,1902
NZL,1914
NZL,1915
NZL,1916
NZL,1917
NZL,1918
NZL,1919
NZL,1920
NZL,1939
NZL,1940
NZL,1941
NZL,1942
NZL,1943
NZL,1944
NZL,1945
NZL,1948
NZL,1949
NZL,1950
NZL,1951
NZL,1952
NZL,1953
NZL,1954
NZL,1955
NZL,1956
NZL,1957
NZL,1958
NZL,1959
NZL,1960
NZL,1962
NZL,1963
NZL,1964
NZL,1965
NZL,1966
NZL,1967
NZL,1968
NZL,1969
NZL,1970
NZL,1971
NZL,1972
NZL,1973
NZL,1990
NZL,1991
NZL,2001
NZL,2002
NZL,2003
NZL,2004
NZL,2005
NZL,2006
NZL,2007
NZL,2008
NZL,2009
NZL,2010
NZL,2011
NZL,2012
NZL,2013
NZL,2014
NZL,2015
NZL,2016
NZL,2017
NZL,2018
NZL,2019
OMN,1954
OMN,1955
OMN,1956
OMN,1957
OMN,1958
OMN,1959
OMN,1962
OMN,1963
OMN,1964
OMN,1965
OMN,1966
OMN,1967
OMN,1968
OMN,1969
OMN,1970
OMN,1971
OMN,1972
OMN,1973
OMN,1974
OMN,1975
OMN,1976
OMN,1990
OMN,1991
PRK,1905
PRK,1907
PRK,1909
PRK,1920
PRK,1921
PRK,1942
PRK,1943
PRK,1944
PRK,1945
PRK,1950
PRK,1951
PRK,1952
PRK,1953
PRK,1964
PRK,1965
PRK,1966
PRK,1967
PRK,1968
PRK,1969
PRK,1970
PRK,1971
PRK,1972
PRK,1973
PRK,1974
PRK,1975
PRK,1976
PRK,1977
PRK,1978
PRK,1979
PRK,1980
PRK,1981
PRK,1982
PRK,1983
PRK,1984
PRK,1985
PRK,1986
PRK,1987
PRK,1988
PRK,1989
PRK,1990
PRK,1991
PRK,1992
PRK,1993
PRK,1994
PRK,1995
PRK,1996
PRK,1997
PRK,1998
PRK,1999
PRK,2000
PRK,2001
PRK,2002
PRK,2003
PRK,2004
PRK,2005
PRK,2006
PRK,2007
PRK,2008
PRK,2009
PRK,2015
PRK,2016
PRK,2017
PRK,2018
PRK,2019
QAT,1867
QAT,1868
QAT,1893
QAT,1990
QAT,1991
QAT,2011
QAT,2014
QAT,2015
QAT,2016
QAT,2017
QAT,2018
QAT,2019
ROU,1907
ROU,1913
ROU,1914
ROU,1915
ROU,1916
ROU,1917
ROU,1918
ROU,1919
ROU,1920
ROU,1924
ROU,1929
ROU,1933
ROU,1939
ROU,1940
ROU,1941
ROU,1942
ROU,1943
ROU,1944
ROU,1945
ROU,1948
ROU,1949
ROU,1950
ROU,1951
ROU,1952
ROU,1953
ROU,1954
ROU,1955
ROU,1956
ROU,1957
ROU,1958
ROU,1959
ROU,1960
ROU,1961
ROU,1962
ROU,1987
ROU,1989
ROU,2001
ROU,2002
ROU,2003
ROU,2004
ROU,2005
ROU,2006
ROU,2007
ROU,2008
ROU,2009
ROU,2010
ROU,2011
ROU,2012
ROU,2013
ROU,2014
ROU,2015
ROU,2016
ROU,2017
ROU,2018
ROU,2019
RUS,1899
RUS,1900
RUS,1901
RUS,1904
RUS,1905
RUS,1906
RUS,1907
RUS,1908
RUS,1909
RUS,1910
RUS,1911
RUS,1914
RUS,1915
RUS,1916
RUS,1917
RUS,1918
RUS,1919
RUS,1920
RUS,1921
RUS,1922
RUS,1923
RUS,1924
RUS,1925
RUS,1926
RUS,1927
RUS,1928
RUS,1929
RUS,1930
RUS,1931
RUS,1932
RUS,1933
RUS,1934
RUS,1935
RUS,1936
RUS,1937
RUS,1938
RUS,1939
RUS,1940
RUS,1941
RUS,1942
RUS,1943
RUS,1944
RUS,1945
RUS,1946
RUS,1947
RUS,1948
RUS,1949
RUS,1950
RUS,1951
RUS,1952
RUS,1953
RUS,1954
RUS,1955
RUS,1956
RUS,1957
RUS,1958
RUS,1959
RUS,1960
RUS,1961
RUS,1962
RUS,1963
RUS,1964
RUS,1965
RUS,1966
RUS,1967
RUS,1968
RUS,1969
RUS,1970
RUS,1971
RUS,1972
RUS,1973
RUS,1974
RUS,1975
RUS,1976
RUS,1977
RUS,1978
RUS,1979
RUS,1980
RUS,1981
RUS,1982
RUS,1983
RUS,1984
RUS,1985
RUS,1986
RUS,1987
RUS,1988
RUS,1989
RUS,1990
RUS,1991
RUS,1992
RUS,1993
RUS,1994
RUS,1995
RUS,1996
RUS,1997
RUS,1999
RUS,2000
RUS,2001
RUS,2002
RUS,2003
RUS,2004
RUS,2005
RUS,2006
RUS,2007
RUS,2008
RUS,2009
RUS,2010
RUS,2011
RUS,2012
RUS,2013
RUS,2014
RUS,2015
RUS,2016
RUS,2017
RUS,2018
RUS,2019
RWA,1959
RWA,1960
RWA,1961
RWA,1962
RWA,1963
RWA,1964
RWA,1965
RWA,1966
RWA,1967
RWA,1990
RWA,1991
RWA,1992
RWA,1993
RWA,1994
RWA,1996
RWA,1997
RWA,1998
RWA,1999
RWA,2000
RWA,2001
RWA,2002
RWA,2009
SAU,1865
SAU,1866
SAU,1867
SAU,1868
SAU,1869
SAU,1870
SAU,1871
SAU,1872
SAU,1873
SAU,1874
SAU,1875
SAU,1883
SAU,1891
SAU,1902
SAU,1903
SAU,1904
SAU,1905
SAU,1906
SAU,1907
SAU,1910
SAU,1913
SAU,1915
SAU,1918
SAU,1919
SAU,1920
SAU,1921
SAU,1922
SAU,1923
SAU,1924
SAU,1925
SAU,1927
SAU,1928
SAU,1929
SAU,1930
SAU,1931
SAU,1932
SAU,1933
SAU,1934
SAU,1945
SAU,1946
SAU,1947
SAU,1948
SAU,1949
SAU,1950
SAU,1951
SAU,1952
SAU,1953
SAU,1954
SAU,1955
SAU,1956
SAU,1957
SAU,1958
SAU,1959
SAU,1962
SAU,1963
SAU,1964
SAU,1965
SAU,1969
SAU,1973
SAU,1976
SAU,1977
SAU,1978
SAU,1979
SAU,1990
SAU,1991
SAU,1992
SAU,1993
SAU,1994
SAU,1995
SAU,1996
SAU,1997
SAU,1998
SAU,1999
SAU,2000
SAU,2001
SAU,2002
SAU,2003
SAU,2009
SAU,2010
SAU,2011
SAU,2012
SAU,2013
SAU,2014
SAU,2015
SAU,2016
SAU,2017
SAU,2018
SAU,2019
SDN,1881
SDN,1882
SDN,1883
SDN,1884
SDN,1885
SDN,1886
SDN,1887
SDN,1888
SDN,1889
SDN,1890
SDN,1891
SDN,1892
SDN,1893
SDN,1894
SDN,1895
SDN,1896
SDN,1897
SDN,1898
SDN,1899
SDN,1955
SDN,1956
SDN,1957
SDN,1958
SDN,1959
SDN,1960
SDN,1961
SDN,1962
SDN,1963
SDN,1964
SDN,1965
SDN,1966
SDN,1967
SDN,1968
SDN,1969
SDN,1970
SDN,1971
SDN,1972
SDN,1976
SDN,1977
SDN,1978
SDN,1979
SDN,1982
SDN,1983
SDN,1984
SDN,1985
SDN,1986
SDN,1987
SDN,1988
SDN,1989
SDN,1990
SDN,1991
SDN,1992
SDN,1993
SDN,1994
SDN,1995
SDN,1996
SDN,1997
SDN,1998
SDN,1999
SDN,2000
SDN,2001
SDN,2002
SDN,2003
SDN,2004
SDN,2005
SDN,2006
SDN,2007
SDN,2008
SDN,2009
SDN,2010
SDN,2011
SDN,2012
SDN,2013
SDN,2014
SDN,2015
SDN,2016
SDN,2017
SDN,2018
SDN,2019
SEN,1982
SEN,1983
SEN,1984
SEN,1985
SEN,1986
SEN,1987
SEN,1988
SEN,1989
SEN,1990
SEN,1991
SEN,1992
SEN,1993
SEN,1994
SEN,1995
SEN,1996
SEN,1997
SEN,1998
SEN,1999
SEN,2000
SEN,2001
SEN,2002
SEN,2003
SEN,2004
SEN,2005
SEN,2006
SEN,2007
SEN,2008
SEN,2009
SEN,2010
SEN,2011
SEN,2012
SEN,2013
SEN,2014
SEN,2015
SEN,2016
SEN,2017
SEN,2018
SEN,2019
SLV,1856
SLV,1857
SLV,1941
SLV,1942
SLV,1943
SLV,1944
SLV,1945
SLV,1965
SLV,1966
SLV,1969
SLV,1979
SLV,1980
SLV,1981
SLV,1982
SLV,1983
SLV,1984
SLV,1985
SLV,1986
SLV,1987
SLV,1988
SLV,1989
SLV,1990
SLV,1991
SLV,1992
SLV,2001
SLV,2002
SLV,2003
SLV,2004
SLV,2005
SLV,2006
SLV,2007
SLV,2008
SLV,2009
SLV,2010
SLV,2011
SLV,2012
SLV,2013
SLV,2014
SOM,1884
SOM,1885
SOM,1886
SOM,1887
SOM,1888
SOM,1889
SOM,1890
SOM,1891
SOM,1892
SOM,1893
SOM,1894
SOM,1895
SOM,1896
SOM,1897
SOM,1898
SOM,1899
SOM,1900
SOM,1901
SOM,1902
SOM,1903
SOM,1904
SOM,1905
SOM,1906
SOM,1907
SOM,1908
SOM,1909
SOM,1910
SOM,1911
SOM,1912
SOM,1913
SOM,1914
SOM,1915
SOM,1916
SOM,1917
SOM,1918
SOM,1919
SOM,1920
SOM,1921
SOM,1922
SOM,1923
SOM,1924
SOM,1925
SOM,1926
SOM,1927
SOM,1928
SOM,1929
SOM,1930
SOM,1931
SOM,1932
SOM,1933
SOM,1934
SOM,1935
SOM,1936
SOM,1937
SOM,1938
SOM,1939
SOM,1940
SOM,1963
SOM,1964
SOM,1965
SOM,1966
SOM,1967
SOM,1977
SOM,1978
SOM,1982
SOM,2009
SOM,2010
SOM,2011
SOM,2012
SOM,2013
SOM,2014
SOM,2015
SOM,2016
SOM,2017
SOM,2018
SOM,2019
SRB,1875
SRB,1876
SRB,1877
SRB,1878
SRB,1883
SRB,1885
SRB,1912
SRB,1913
SRB,1914
SRB,1915
SRB,1916
SRB,1917
SRB,1918
SRB,1919
SRB,1920
SRB,1941
SRB,1942
SRB,1943
SRB,1944
SRB,1945
SRB,1991
SRB,1992
SRB,1993
SRB,1994
SRB,1995
SRB,1998
SRB,1999
SRB,2000
SRB,2001
SSD,1955
SSD,1956
SSD,1957
SSD,1958
SSD,1959
SSD,1960
SSD,1961
SSD,1962
SSD,1963
SSD,1964
SSD,1965
SSD,1966
SSD,1967
SSD,1968
SSD,1969
SSD,1970
SSD,1971
SSD,1972
SSD,1983
SSD,1984
SSD,1985
SSD,1986
SSD,1987
SSD,1988
SSD,1989
SSD,1990
SSD,1991
SSD,1992
SSD,1993
SSD,1994
SSD,1995
SSD,1996
SSD,1997
SSD,1998
SSD,1999
SSD,2000
SSD,2001
SSD,2002
SSD,2003
SSD,2004
SSD,2005
SSD,2012
SSD,2013
SSD,2014
SSD,2015
SSD,2016
SSD,2017
SSD,2018
SSD,2019
SUR,1980
SUR,1986
SUR,1987
SUR,1988
SUR,1989
SUR,1990
SUR,1991
SUR,1992
SWE,1961
SWE,1962
SWE,1963
SWE,1964
SWE,1992
SWE,1993
SWE,1994
SWE,1995
SWE,2001
SWE,2002
SWE,2003
SWE,2004
SWE,2005
SWE,2006
SWE,2007
SWE,2008
SWE,2009
SWE,2010
SWE,2011
SWE,2012
SWE,2013
SWE,2014
SWE,2015
SWE,2016
SWE,2017
SWE,2018
SWE,2019
SYR,1920
SYR,1925
SYR,1926
SYR,1927
SYR,1945
SYR,1948
SYR,1949
SYR,1963
SYR,1964
SYR,1965
SYR,1966
SYR,1967
SYR,1968
SYR,1969
SYR,1970
SYR,1973
SYR,1976
SYR,1977
SYR,1978
SYR,1979
SYR,1980
SYR,1981
SYR,1982
SYR,1983
SYR,1984
SYR,1985
SYR,1986
SYR,1987
SYR,1988
SYR,1989
SYR,1990
SYR,1991
SYR,2011
SYR,2012
SYR,2013
SYR,2014
SYR,2015
SYR,2016
SYR,2017
SYR,2018
SYR,2019
THA,1850
THA,1851
THA,1852
THA,1853
THA,1854
THA,1855
THA,1865
THA,1866
THA,1867
THA,1868
THA,1869
THA,1870
THA,1871
THA,1872
THA,1873
THA,1874
THA,1875
THA,1876
THA,1877
THA,1878
THA,1879
THA,1880
THA,1881
THA,1882
THA,1883
THA,1884
THA,1885
THA,1886
THA,1887
THA,1888
THA,1889
THA,1890
THA,1893
THA,1917
THA,1918
THA,1933
THA,1940
THA,1941
THA,1942
THA,1943
THA,1944
THA,1945
THA,1948
THA,1949
THA,1950
THA,1951
THA,1952
THA,1953
THA,1954
THA,1955
THA,1956
THA,1957
THA,1958
THA,1959
THA,1960
THA,1961
THA,1962
THA,1963
THA,1964
THA,1965
THA,1966
THA,1967
THA,1968
THA,1969
THA,1970
THA,1971
THA,1972
THA,1973
THA,1974
THA,1975
THA,1976
THA,1977
THA,1978
THA,1979
THA,1980
THA,1981
THA,1982
THA,1983
THA,1984
THA,1985
THA,1986
THA,1987
THA,1988
THA,1989
THA,1990
THA,1991
THA,1999
THA,2000
THA,2002
THA,2003
THA,2004
THA,2005
THA,2006
THA,2007
THA,2008
THA,2009
THA,2010
THA,2011
THA,2012
THA,2013
THA,2014
THA,2015
THA,2016
THA,2017
THA,2018
THA,2019
TJK,1992
TJK,1993
TJK,1994
TJK,1995
TJK,1996
TJK,1997
TJK,2010
TJK,2011
TJK,2012
TON,1855
TON,1942
TON,1943
TON,1944
TON,1945
TON,2003
TON,2004
TON,2005
TON,2006
TON,2007
TON,2008
TON,2009
TON,2010
TON,2011
TTO,1884
TTO,1934
TTO,1935
TTO,1936
TTO,1937
TTO,1938
TTO,1939
TTO,1970
TTO,1990
TUN,1881
TUN,1961
TUN,1973
TUN,2011
TUN,2012
TUN,2013
TUN,2014
TUN,2015
TUN,2016
TUN,2017
TUN,2018
TUN,2019
TUR,1919
TUR,1920
TUR,1921
TUR,1922
TUR,1923
TUR,1925
TUR,1927
TUR,1928
TUR,1929
TUR,1930
TUR,1937
TUR,1938
TUR,1950
TUR,1951
TUR,1952
TUR,1953
TUR,1963
TUR,1964
TUR,1976
TUR,1977
TUR,1978
TUR,1979
TUR,1980
TUR,1981
TUR,1982
TUR,1983
TUR,1984
TUR,1985
TUR,1986
TUR,1987
TUR,1988
TUR,1989
TUR,1990
TUR,1991
TUR,1992
TUR,1993
TUR,1994
TUR,1995
TUR,1996
TUR,1997
TUR,1998
TUR,1999
TUR,2000
TUR,2001
TUR,2002
TUR,2003
TUR,2004
TUR,2005
TUR,2006
TUR,2007
TUR,2008
TUR,2009
TUR,2010
TUR,2011
TUR,2012
TUR,2013
TUR,2014
TUR,2015
TUR,2016
TUR,2017
TUR,2018
TUR,2019
TWN,1954
TWN,1955
TWN,1958
TWN,1965
TWN,1966
TWN,1967
TWN,1968
TWN,1969
TWN,1970
TWN,1971
TWN,1972
TWN,1973
TWN,1974
TWN,1975
TWN,1976
TWN,1977
TWN,1978
TWN,1979
TWN,1980
TWN,1981
TWN,1982
TWN,1983
TWN,1995
TWN,1996
TZA,1977
TZA,1978
TZA,1979
TZA,2008
TZA,2013
TZA,2015
TZA,2016
TZA,2017
TZA,2018
TZA,2019
UGA,1962
UGA,1963
UGA,1964
UGA,1965
UGA,1966
UGA,1967
UGA,1968
UGA,1969
UGA,1970
UGA,1971
UGA,1972
UGA,1973
UGA,1974
UGA,1975
UGA,1976
UGA,1977
UGA,1978
UGA,1979
UGA,1980
UGA,1981
UGA,1982
UGA,1983
UGA,1984
UGA,1985
UGA,1986
UGA,1987
UGA,1988
UGA,1989
UGA,1990
UGA,1991
UGA,1992
UGA,1993
UGA,1994
UGA,1995
UGA,1996
UGA,1997
UGA,1998
UGA,1999
UGA,2000
UGA,2001
UGA,2002
UGA,2003
UGA,2004
UGA,2005
UGA,2006
UGA,2007
UGA,2008
UGA,2009
UGA,2010
UGA,2011
UGA,2012
UGA,2013
UGA,2014
UGA,2015
UGA,2016
UGA,2017
UGA,2018
UGA,2019
UKR,1917
UKR,1918
UKR,1919
UKR,1920
UKR,1921
UKR,1922
UKR,1923
UKR,1939
UKR,1940
UKR,1941
UKR,1942
UKR,1943
UKR,1944
UKR,1945
UKR,1946
UKR,1947
UKR,1948
UKR,1949
UKR,1950
UKR,2014
UKR,2015
UKR,2016
UKR,2017
UKR,2018
UKR,2019
URY,1850
URY,1851
URY,1852
URY,1864
URY,1865
URY,1866
URY,1867
URY,1868
URY,1869
URY,1870
URY,1871
URY,1872
USA,1900
USA,1901
USA,1902
USA,1903
USA,1904
USA,1905
USA,1906
USA,1907
USA,1908
USA,1909
USA,1910
USA,1911
USA,1912
USA,1913
USA,1914
USA,1915
USA,1916
USA,1917
USA,1918
USA,1919
USA,1920
USA,1921
USA,1922
USA,1923
USA,1924
USA,1925
USA,1926
USA,1927
USA,1928
USA,1929
USA,1930
USA,1931
USA,1932
USA,1933
USA,1934
USA,1939
USA,1940
USA,1941
USA,1942
USA,1943
USA,1944
USA,1945
USA,1950
USA,1951
USA,1952
USA,1953
USA,1954
USA,1955
USA,1956
USA,1957
USA,1958
USA,1959
USA,1960
USA,1961
USA,1962
USA,1963
USA,1964
USA,1965
USA,1966
USA,1967
USA,1968
USA,1969
USA,1970
USA,1971
USA,1972
USA,1973
USA,1974
USA,1975
USA,1976
USA,1977
USA,1978
USA,1979
USA,1980
USA,1981
USA,1982
USA,1983
USA,1984
USA,1986
USA,1987
USA,1988
USA,1989
USA,1990
USA,1991
USA,1992
USA,1993
USA,1994
USA,1995
USA,1996
USA,1997
USA,1998
USA,1999
USA,2000
USA,2001
USA,2002
USA,2003
USA,2004
USA,2005
USA,2006
USA,2007
USA,2008
USA,2009
USA,2010
USA,2011
USA,2012
USA,2013
USA,2014
USA,2015
USA,2016
USA,2017
USA,2018
USA,2019
UZB,1916
UZB,1917
UZB,1918
UZB,1919
UZB,1920
UZB,1921
UZB,1922
UZB,1923
UZB,1924
UZB,1925
UZB,1926
UZB,1927
UZB,1928
UZB,1929
UZB,1930
UZB,1931
UZB,1932
UZB,1933
UZB,1934
UZB,1992
UZB,1993
UZB,1994
UZB,1995
UZB,1996
UZB,1997
UZB,2010
VEN,1859
VEN,1860
VEN,1861
VEN,1862
VEN,1863
VEN,1902
VEN,1903
VEN,1908
VEN,1942
VEN,1943
VEN,1944
VEN,1945
VNM,1858
VNM,1859
VNM,1860
VNM,1861
VNM,1862
VNM,1883
VNM,1884
VNM,1885
VNM,1886
VNM,1887
VNM,1888
VNM,1889
VNM,1890
VNM,1891
VNM,1892
VNM,1893
VNM,1894
VNM,1895
VNM,1896
VNM,1897
VNM,1898
VNM,1899
VNM,1900
VNM,1901
VNM,1902
VNM,1903
VNM,1904
VNM,1905
VNM,1906
VNM,1907
VNM,1908
VNM,1909
VNM,1910
VNM,1911
VNM,1912
VNM,1913
VNM,1916
VNM,1917
VNM,1930
VNM,1931
VNM,1940
VNM,1941
VNM,1945
VNM,1946
VNM,1947
VNM,1948
VNM,1949
VNM,1950
VNM,1951
VNM,1952
VNM,1953
VNM,1954
VNM,1955
VNM,1956
VNM,1957
VNM,1958
VNM,1959
VNM,1960
VNM,1961
VNM,1962
VNM,1963
VNM,1964
VNM,1965
VNM,1966
VNM,1967
VNM,1968
VNM,1969
VNM,1970
VNM,1971
VNM,1972
VNM,1973
VNM,1974
VNM,1975
VNM,1976
VNM,1977
VNM,1978
VNM,1979
VNM,1980
VNM,1981
VNM,1982
VNM,1983
VNM,1984
VNM,1985
VNM,1986
VNM,1987
VNM,1988
VNM,1989
VNM,1990
VNM,1991
VNM,1992
VNM,1993
VNM,1994
VNM,1995
VNM,1996
VNM,1997
VNM,1998
VNM,1999
VNM,2000
VNM,2001
VNM,2002
VNM,2003
VNM,2004
VNM,2005
VNM,2006
VNM,2007
YEM,1963
YEM,1964
YEM,1965
YEM,1966
YEM,1967
YEM,1969
YEM,1972
YEM,1976
YEM,1977
YEM,1978
YEM,1979
YEM,1980
YEM,1981
YEM,1982
YEM,1983
YEM,1984
YEM,1985
YEM,1986
YEM,1987
YEM,1988
YEM,1989
YEM,1990
YEM,1994
YEM,2009
YEM,2010
YEM,2011
YEM,2012
YEM,2013
YEM,2014
YEM,2015
YEM,2016
YEM,2017
YEM,2018
YEM,2019
ZAF,1914
ZAF,1915
ZAF,1916
ZAF,1917
ZAF,1918
ZAF,1919
ZAF,1920
ZAF,1921
ZAF,1922
ZAF,1939
ZAF,1940
ZAF,1941
ZAF,1942
ZAF,1943
ZAF,1944
ZAF,1945
ZAF,1950
ZAF,1951
ZAF,1952
ZAF,1953
ZAF,1965
ZAF,1966
ZAF,1967
ZAF,1968
ZAF,1969
ZAF,1970
ZAF,1971
ZAF,1972
ZAF,1973
ZAF,1974
ZAF,1975
ZAF,1976
ZAF,1977
ZAF,1978
ZAF,1979
ZAF,1980
ZAF,1981
ZAF,1982
ZAF,1983
ZAF,1984
ZAF,1985
ZAF,1986
ZAF,1987
ZAF,1988
ZAF,1989
ZAF,1990
ZAF,1991
ZAF,1992
ZAF,1993
ZAF,1994
ZAF,1998
ZAF,2013
ZWE,1965
ZWE,1966
ZWE,1967
ZWE,1968
ZWE,1969
ZWE,1970
ZWE,1971
ZWE,1972
ZWE,1973
ZWE,1974
ZWE,1975
ZWE,1976
ZWE,1977
ZWE,1978
ZWE,1979
ZWE,1980
ZWE,1981
ZWE,1982
ZWE,1983
ZWE,1984
ZWE,1985
ZWE,1986
ZWE,1987
ZWE,1988
ZWE,1989
ZWE,1990
ZWE,1991
ZWE,1992
ZWE,1998
ZWE,1999
ZWE,2000
ZWE,2001
ZWE,2002
ZWE,2003
ZWE,2004
ZWE,2005
ZWE,2006
ZWE,2007
ZWE,2008
ZWE,2009
