Conflict,Bahrainand allies,Opponents,Result
Battle of Khakeekera[1]  (1811),Bahrain Kuwait,Emirate of Diriyah,Victory Invasion of Bahrain repelled.
Qatari-Bahraini War(1867-1868),Bahrain   Abu Dhabi,Qatar,Defeat Bahrain renounced claims on Qatar.
Gulf War  (1990-1991),Kuwait United States United Kingdom Saudi Arabia France Canada Bangladesh Egypt Syria Oman UAE Bahrain Qatar,Iraq,Victory Iraqi withdrawal from Kuwait; Emir Jaber Al-Ahmad Al-Jaber Al-Sabah restored. Heavy casualties and destruction of Iraqi and Kuwaiti infrastructure.
Intervention against ISIS(2014-2019),Iraq Iraqi Kurdistan Free Syrian Army Syrian Kurdistan United States United Kingdom Jordan Turkey Morocco Australia Belgium Canada Denmark France Bahrain Qatar Saudi Arabia UAE,Islamic State al-Qaeda  al-Nusra Front  Khorasan  Ahrar ash-Sham,Ongoing Unilateral US-Arab intervention against Syrian Islamists.
Decisive Storm  (2015-2019),Yemen (Hadi government) Saudi Arabia Qatar UAE Kuwait Bahrain Jordan Morocco Egypt Sudan,Yemen (Revolutionary Committee)  Houthi fighters  Security Forces (pro-Saleh)  Yemeni Republican Guard Yemeni Air Force Air Defence,Ongoing Houthis dissolve Yemeni government. Houthis take control of northern Yemen.
