Conflict,Combatant 1,Combatant 2,Result,Finnish leaders,Finnish leaders,Finnish losses(dead or missing)
Finnish Civil War(1918),White Guard Germany,Red Guard Russian SFSR,White Senate victory Russian military presence ceased,Pehr Evind Svinhufvud,C. G. E. Mannerheim,"~30,000[1](Reds and Whites)"
Heimosodat(1918-1922),Finnish volunteers Estonia East Karelia North Ingria,Russian SFSR Murmansk Legion,Defeat (except in Estonia)[2] Treaty of Tartu,K. J. Ståhlberg,Karl Fredrik Wilkama,~550
Winter War(1939-1940)Part of the Second World War,Finland,Soviet Union,Defeat (but survival as an independent state)[3] Moscow Peace Treaty,Kyösti Kallio,C. G. E. Mannerheim,"25,904[4]"
Continuation War(1941-1944)Part of the Second World War,Finland  Germany,Soviet Union,"Defeat (but survival as an independent state)[5] Moscow Armistice, Lapland War",Risto Ryti,C. G. E. Mannerheim,"63,204[6]"
Lapland War(1944-1945)Part of the Second World War,Finland,Germany,Victory German retreat from Finnish territory,C. G. E. Mannerheim,C. G. E. Mannerheim,"1,036[7]"
War in Afghanistan(2009-2019),Afghanistan  ISAF   United States   United Kingdom   Australia   Canada   Germany   France   Italy   Czech Republic   Netherlands   Turkey   Romania   Georgia   South Korea   Poland   Denmark   Sweden   Norway   Finland   Singapore   New Zealand   Mongolia   Bulgaria   Hungary   Belgium   Estonia   Latvia   Lithuania   Portugal   Albania   Slovenia,Taliban,Ongoing Continuation of war[8],Tarja HalonenSauli Niinistö,Juhani KaskealaAri PuheloinenJarmo Lindberg,2[9] 
