Conflict,Combatant 1,Combatant 2,Result
Majapahit Empire(1293-1527),Majapahit Empire(1293-1527),Majapahit Empire(1293-1527),Majapahit Empire(1293-1527)
Mongol invasion of Java(1292-1293),Majapahit EmpireSinghasari KingdomKediri Kingdom,Yuan Dynasty,Victory
Majapahit invasion of Bali(1343),Majapahit Empire,Bali Kingdom,Victory
Majapahit-Pasai War(1350),Majapahit Empire,Samudera Pasai Sultanate,Victory
Majapahit invasion of Temasek(1350),Majapahit Empire,Singapura Kingdom,Defeat
Majapahit-Ayutthaya War(1357),Majapahit Empire,Ayutthaya Kingdom,Victory
Battle of Bubat(1357),Majapahit Empire,Sunda Kingdom,Victory
Battle of Manila(1365),Majapahit Empire,Tondo Kingdom,Defeat
Battle of Poni(1369),Majapahit Empire,Sulu Sultanate,Victory
Palembang rebellion(1377),Majapahit Empire Chinese pirates,Palembang rebels,Victory
Majapahit invasion of Temasek(1398),Majapahit Empire,Singapura Kingdom,Victory
Paregreg war(1404-1406),Western court,Eastern court,Victory
Sudarma Wisuta war(1478),Majapahit Empire,Demak Sultanate,Defeat
Dutch East India Company(1602-1799),Dutch East India Company(1602-1799),Dutch East India Company(1602-1799),Dutch East India Company(1602-1799)
Malayan-Portuguese war(1511-1641),Malacca Sultanate  Johor Sultanate Ming Dynasty Dutch East India Company,Portuguese Empire,Victory
Sinhalese-Portuguese war(1527-1658),Kingdom of Sitawaka Kingdom of Kandy  Dutch East India Company,Portuguese Empire Kingdom of Kotte,Victory
Dutch-Portuguese War(1601-1663),Dutch Republic,Portuguese Empire,Stalemate
Sino-Dutch conflicts(1620s-1670s),Dutch East India Company Chinese pirates,Ming Dynasty Ming loyalists,Defeat
Dutch conquest of the Banda Islands (1621),Dutch East India Company,Bandanese fighters,Victory
Siege of Batavia (1628-1629),Dutch East India Company,Mataram Sultanate,Victory
Dutch pacification campaign on Formosa (1635-1636),Dutch East India Company,Mattau nativesBakloan nativesSoulang nativesTaccariang nativesTevorang natives,Victory
Lamey Island Massacre (1636),Dutch East India Company,Liuqiu natives,Victory
Cambodian-Dutch War(1643-1644),Dutch East India Company,Cambodia,Defeat
Guo Huaiyi rebellion (1652),Dutch East India CompanyTaiwanese peoples,Guo Huaiyi's army,Victory
First Tondano War(1661-1664),Dutch East India Company,Minahasan peoples,Victory
Third Anglo-Dutch War(1672-1674),Dutch Republic,Kingdom of England Kingdom of France Bishopric of Münster Electoral Cologne,Victory
Trunajaya rebellion(1674-1680),Mataram Sultanate  Dutch East India Company Dutch East India Company allies,Rebel forcesMakassarese fightersRival claimants,Victory
Nine Years' War(1688-1697),Dutch Republic Kingdom of England Kingdom of Scotland Holy Roman Empire Spanish Empire Duchy of Savoy Kingdom of Portugal Swedish Empire,Kingdom of France Jacobitism,Defeat
First Javanese War of Succession (1704-1708),Dutch East India CompanyKartasura Sultanate,Mataram Sultanate,Victory
Second Javanese War of Succession (1719-1723),Mataram Sultanate Dutch East India Company,Rival claimantsRebel Princes,Victory
Java War (1741-1743),Dutch East India Company,Chinese armyJavanese army,Victory
Travancore-Dutch War(1741-1757),Dutch East India Company,Travancore Kingdom,Military StalemateDutch commercial victory
Third Javanese War of Succession (1749-1757),Mataram Sultanate Dutch East India CompanyYogyakarta Sultanate Surakarta Sunanate Mangkunegaran Sultanate,Anti-Dutch rebels,Victory
Battle of Penfui(1749),Dutch East India CompanyTimorese allies,TopassesTimorese allies,Victory
Fourth Anglo-Dutch War(1780-1784),Dutch Republic Kingdom of France,Kingdom of Great Britain,Defeat
French Occupation(1806-1811),French Occupation(1806-1811),French Occupation(1806-1811),French Occupation(1806-1811)
Napoleonic War(1803-1815),First French Empire Napoleonic Italy Duchy of Warsaw Polish Legions Kingdom of Holland Kingdom of Etruria Principality of Lucca and Piombino Kingdom of Naples Switzerland ConfederationConfederation of the Rhine Bonapartist Spain,United Kingdom Austrian Empire Russian Empire Kingdom of Prussia Enlightenment Spain Portuguese Empire Sweden French Royalists Papal States Ottoman Empire Qajar Dynasty Kingdom of Sicily Kingdom of Hungary Electorate of Hanover Kingdom of Bavaria Kingdom of Württemberg Kingdom of Saxony Kingdom of Sardinia United Kingdom of the Netherlands Duchy of Brunswick Grand Duchy of Tuscany Duchy of Nassau Prince-Bishopric of Montenegro,Defeat
Dutch East Indies(1816-1945),Dutch East Indies(1816-1945),Dutch East Indies(1816-1945),Dutch East Indies(1816-1945)
Padri War(1803-1837),Pagaruyung Kingdom • Adat  United Kingdom of the Netherlands •Dutch East Indies,Padri,Victory
Second Tondano War(1808-1809),Kingdom of Holland  Dutch East Indies,Minahasan peoples,Victory
First expedition to Palembang(1819),United Kingdom of the Netherlands  Dutch East Indies,Palembang Sultanate,Defeat
Second expedition to Palembang(1821),United Kingdom of the Netherlands  Dutch East Indies,Palembang Sultanate,Victory
Expedition to the West Coast of Borneo(1823),United Kingdom of the Netherlands  Dutch East Indies,Chinese Indonesian rebels,Victory
First Bone War(1824),United Kingdom of the Netherlands  Dutch East Indies,Bone Sultanate,Victory
Second Bone War(1825),United Kingdom of the Netherlands  Dutch East Indies,Bone Sultanate,Victory
Java War(1825-1830),United Kingdom of the Netherlands  Dutch East Indies,Javanese rebelsChinese mercenaries,Victory
Dutch expedition on the west coast of Sumatra(1831),United Kingdom of the Netherlands  Dutch East Indies,Aceh Sultanate,Victory
First Sumatran expedition(1832),United States United  Kingdom of the Netherlands  Dutch East Indies,Kuala Batee Kingdom,Victory
Second Sumatran expedition(1838),United States United Kingdom of the Netherlands  Dutch East Indies,Kuala Batee Kingdom,Victory
Dutch intervention in northern Bali(1846),Netherlands  Dutch East Indies,Buleleng Kingdom,Victory
Dutch intervention in northern Bali(1848),Netherlands  Dutch East Indies,Balinese peoples,Defeat
Dutch intervention in Bali(1849-1850),Netherlands  Dutch East Indies Lombok Kingdom,Buleleng KingdomJembrana KingdomKlungkung Kingdom,Victory
Palembang Highlands Expeditions(1851-1859),Netherlands  Dutch East Indies,Sultan of Palembang forces,Victory
Expedition against the Chinese in Montrado(1854-1855),Netherlands  Dutch East Indies,Pro-Chinese Indonesian rebelsChinese volunteers,Victory
Nias Expedition(1855-1864),Netherlands  Dutch East Indies,Nias peoples,Victory
Dutch intervention in Bali(1858),Netherlands  Dutch East Indies,Buleleng rebels,Victory
Banjarmasin War(1859-1863),Netherlands  Dutch East Indies,Banjar Sultanate,Victory
Pasoemah Expedition(1864-1868),Netherlands  Dutch East Indies,Besemah peoples,Victory
Aceh War(1873-1904),Netherlands  Dutch East Indies,Aceh Sultanate Acehnese ulama,Victory
Batak War(1878-1907),Netherlands  Dutch East Indies,Batak Kingdom,Victory
Mandor rebellion(1884-1885),Netherlands  Dutch East Indies,Lanfang RepublicDayak peoplesChinese Indonesian militias,Victory
Jambi uprising(1885),Netherlands  Dutch East Indies,Jambinese rebels,Victory
Edi Expedition(1890),Netherlands  Dutch East Indies,Edi Kingdom,Victory
Dutch intervention in Lombok and Karangasem(1894),Netherlands  Dutch East Indies Sasak peoples,Lombok KingdomKarangasem KingdomSasak peoples,Victory
Pedir Expedition(1897-1898),Netherlands  Dutch East Indies,Pedir Kingdom,Victory
Kerinci Expedition(1903),Netherlands  Dutch East Indies,Kerinci peoples,Victory
South Sulawesi expedition(1904-1905),Netherlands  Dutch East Indies,Bone Sultanate Luwu KingdomWajo Kingdom,Victory
Dutch intervention in Bali(1906),Netherlands  Dutch East Indies,Badung KingdomTabanan KingdomKlungkung Kingdom,Victory
Dutch intervention in Bali(1908),Netherlands  Dutch East Indies,Balinese rebels,Victory
World War II(1939-1945),Allies,Axis,Victory
Indonesia(1945-Now),Indonesia(1945-Now),Indonesia(1945-Now),Indonesia(1945-Now)
PETA Revolt in Blitar(1945),Pembela Tanah Air,Japan  Pembela Tanah Air,Defeat
Indonesian National Revolution(1945-1949),Indonesia  Pembela Tanah Air  Pemuda  Japanese volunteers British Raj defectors,Netherlands  Dutch East Indies  Dutch Caribbean  Pontianak Sultanate Pao An Tui  Legion of Ratu Adil  United Kingdom (until 1946)   British Raj  Australia  Japan,Victory[1]
Madiun Affair(1948),Indonesia,Communist Party of Indonesia People's Democratic Front,Victory
Darul Islam rebellion(1949-1962),Indonesia,Islamic State of Indonesia Legion of Ratu Adil,Victory
APRA coup d'état(1950),Indonesia Netherlands,Legion of Ratu Adil,Victory
Makassar Uprising(1950),Indonesia,East Indonesia,Victory
Invasion of Ambon(1950),Indonesia,Republic of South Maluku,Victory
PRRI and Permesta rebellion(1958-1961),Indonesia  Communist Party of Indonesia,Revolutionary Government of the Republic of Indonesia Permesta United States   Central Intelligence Agency,Victory
Congo Crisis(1960-1963),Republic of the Congo ONUC,Katanga South Kasai,Victory
Operation Trikora(1961-1962),Indonesia Soviet Union[2],Netherlands  Netherlands New Guinea,Victory[3][4]
Papua conflict(1962-2016),Indonesia,Free Papua Movement,Ongoing
Brunei Revolt(1962),Brunei People's Party Indonesia,United Kingdom Brunei Malaya,Defeat
Indonesia-Malaysia Confrontation(1963-1966),Indonesia  Indonesian volunteers  Communist Party of Indonesia  North Kalimantan Communist Party  Brunei People's Party,Malaysia  Singapore  United Kingdom Australia New Zealand Brunei,Defeat
30 September Movement(1965),Indonesia,Indonesian militants,Indecisive
Indonesian Civil War(1965-1966),Indonesia,Communist Party of Indonesia,Victory
Indonesian invasion of East Timor(1975-1976),Indonesia,Fretilin   Falintil,Victory
Indonesian occupation of East Timor(1976-1999),Indonesia  Timor Timur,East Timor  National Council of Maubere Resistance  Fretilin  Timorese Democratic Union,Withdrawal
Insurgency in Aceh(1976-2005),Indonesia,Free Aceh Movement,Victory
Lord's Resistance Army insurgency(1987-ongoing),Uganda DR Congo Central African Republic South Sudan MONUSCO,Lord's Resistance Army,Ongoing
Somali Civil War(1992-1995),United Nations  UNOSOM I  UNITAF  UNOSOM II,United Somali Congress,Indecisive
Bosnian War(1992-1995),Bosnia and Herzegovina Herzeg-Bosnia Croatia NATO UNPROFOR,Republika Srpska Serbian Krajina Western Bosnia,Stalemate
Motaain border incident(1999),Indonesia,INTERFET  Australia,Stalemate
Operation Enduring Freedom - Horn of Africa (2002-ongoing),NATO Australia Azerbaijan China Colombia Djibouti Ethiopia European Union India Indonesia Japan Kazakhstan Kenya Kyrgyzstan Malaysia New Zealand North Korea Pakistan Russia Saudi Arabia Seychelles Sudan Singapore Somalia South Korea Tajikistan Thailand Turkmenistan Uganda Ukraine Uzbekistan,Islamic State of Iraq and the Levant al-Qaeda Harakat al-Shabaab Mujahedeen al-Itihaad al-Islamiya Islamic Courts Union Hizbul Islam Alliance for the Re-liberation of Somalia Ras Kamboni Brigades Jabhatul Islamiya Mu'askar Anole Somali Marines National Volunteer Coast Guard Marka group Puntland group Yemeni Pirates,Ongoing
Operation Tinombala(2016-2019),Indonesia,East Indonesia Mujahideen,Ongoing
