Conflict,Combatant 1,Combatant 2,Results,Prime Minister,Casualties
Swedish-Norwegian War (1814),Norway,Sweden,Defeat (but Swedish acceptance of the Eidsvoll Constitution) Norway entered a personal union with Sweden,Peder Anker,~400 killed
World War II(1940-1945),Soviet Union United States United Kingdom China France Poland Yugoslavia Greece Denmark Norway Netherlands Belgium Luxembourg Czechoslovakia Canada Australia New Zealand South Africa Ethiopia Brazil Mexico Colombia Cuba Philippines Mongolia,Germany  Japan Italy Romania Hungary Bulgaria Slovakia Croatia,Victory Collapse of the German Realm Creation of the United Nations Emergence of the United States and the Soviet Union as superpowers Beginning of the Cold War,Johan Nygaardsvold,"10,262 killed"
Congo Crisis (1960-1964),Congo-Léopoldville  ONUC  Ireland  Sweden  Norway  India  Nigeria  Ethiopia,Katanga  South Kasai,Victory Debellation of Congolese separatist states,Einar Gerhardsen,None
Bosnian War(1992-1995),NATO  Belgium  Canada  Denmark  France  Germany  Italy  Luxembourg  Netherlands  Norway  Portugal  Spain  Turkey  United Kingdom  United States,Republika Srpska,"Victory Dayton Agreement, deployment of NATO-led IFOR",Gro Harlem Brundtland,None
Kosovo War(1998-1999),UÇK  NATO  Belgium  Canada  Denmark  France  Germany  Italy  Netherlands  Norway  Portugal  Spain  Turkey  United Kingdom  United States,FR Yugoslavia,Victory Kumanovo Treaty,Kjell Magne Bondevik,None
War in Afghanistan(2001-2019),Afghanistan  ISAF   United States   United Kingdom   Australia   Canada   Germany   France   Italy   Czech Republic   Netherlands   Turkey   Romania   Georgia   South Korea   Poland   Denmark   Sweden   Norway   Finland   Singapore   New Zealand   Mongolia   Bulgaria   Hungary   Belgium   Estonia   Latvia   Lithuania   Portugal   Albania   Slovenia,Taliban,Ongoing Fall of the Islamic Emirate of Afghanistan,Kjell Magne Bondevik,10 killed
Libyan Civil War(2011),NTC  NATO and allies  France  United Kingdom  United States  Belgium  Canada  Denmark  Netherlands  Norway  Spain  Turkey  Jordan  Sweden  UAE  Qatar,Libya,Victory The NTC assumed interim control of Libya,Jens Stoltenberg,None
