Conflict,Rwanda and allies,Opponents,Results,President  of Rwanda
Rwandan Revolution(1959-1961),Kingdom of Rwanda,Parmehutu,Regime change Rwanda became a republic[1],Kigeli V
Inyenzi Invasions(1961-1967),Government of Rwanda Belgium,Inyenzi,"Government victory Massacre of 10,000 Tutsi civilians[2]",Grégoire Kayibanda
Rwandan Civil War(1990-1994),Government of Rwanda France Zaire Interahamwe Impuzamugambi,FPR,Regime change End of the Rwandan Genocide Start of Great Lakes refugee crisis[3],Juvénal Habyarimana
First Congo War(1996-1997),AFDL  Uganda  Rwanda Burundi  Angola Eritrea,Zaire ALiR Interahamwe UNITA,Victory Overthrow of Mobutu Sese Seko Zaire was reorganized into the DR Congo,Pasteur Bizimungu
Second Congo War(1998-2002)[4],RCD RCD-Goma Banyamulenge MLC FFR UPC Uganda Rwanda Burundi UNITA,DR Congo  Angola Chad Namibia Zimbabwe   FDLR RDR ALiR Interahamwe Mai-Mai   LRA UNRF II ADF FNI FROLINA CNDD-FDD,"Stalemate Creation of a unified, multi-party government Pretoria Accord; Rwandan withdrawal from Congo in exchange for commitment towards the disarmament of Hutu militias Start of the Kivu conflict",Paul Kagame
Six-Day War(2000),Rwanda,Uganda,Victory Rwandan forces take Kisangani[5],Paul Kagame
Eastern Congo Offensive(2009),Rwanda DR Congo,FDLR,Victory Hutu Power militia weakened[6],Paul Kagame
Dongo Rebellion(2009),Rwanda DR Congo,RPD,Victory DR Congo recaptures Dongo[7],Paul Kagame 
