Conflict,Combatant 1,Combatant 2,Results
Filibuster War(1856-1857),Costa Rica Nicaragua Mosquito Coast Guatemala Honduras El Salvador United States United Kingdom (naval support),Filibusters,Victory William Walker's army is defeated and he is arrested by the American Navy
World War II(1941-1945),Soviet Union United States United Kingdom China France Poland Canada Australia New Zealand India South Africa Yugoslavia Greece Denmark Norway Netherlands Belgium Luxembourg Czechoslovakia Brazil Mexico Ethiopia El Salvador,Germany Japan Italy Hungary Romania Bulgaria Finland Thailand Manchukuo Croatia Slovakia,Victory Collapse of the Third Reich Fall of Japanese and Italian Empires Creation of the United Nations Emergence of the United States and the Soviet Union as superpowers Beginning of the Cold War
Dominican Civil War(1965-1966),Dominican Armed Forces Training Center (SIM) Dominican Military Intelligence Service United States Brazil Honduras Paraguay Nicaragua Costa Rica El Salvador,Dominican Republic,Victory Juan Bosch excluded from Presidency Election of Joaquín Balaguer
Football War(1969),El Salvador,Honduras,Ceasefire Status quo ante bellum Ceasefire by OAS intervention
Salvadoran Civil War(1979-1992),El Salvador United States Argentina Israel Taiwan Chile,FMLN Cuba Nicaragua,"Ceasefire Chapultepec Peace Accords of 1992 Restructuring of Salvadoran Armed Forces National and Treasury Police are dissolved (new civilian-overseen police created) FMLN becomes a political party, its combatants are exonerated"
Afghanistan War(2001-2014),United States United Kingdom Germany Denmark Italy France Canada Australia New Zealand Georgia Poland Romania Turkey Bulgaria Portugal Romania Albania El Salvador Afghanistan Northern Alliance  ISAF   Albania   Armenia   Austria   Azerbaijan   Bahrain   Belgium   Bosnia and Herzegovina   Bulgaria   Croatia   Czech Republic   Denmark   El Salvador   Estonia   Finland   Greece   Hungary   Iceland   Ireland   Jordan   Latvia   Lithuania   Luxembourg   Malaysia   Mongolia   Montenegro   Netherlands   New Zealand   Norway   Portugal   Republic of Macedonia   Singapore   Slovakia   Slovenia   South Korea   Spain   Sweden    Switzerland   Tonga   Ukraine   United Arab Emirates,Taliban al-Qaeda Islamic Movement of Uzbekistan HI-Gulbuddin Hezb-e Islami Khalis Haqqani network Lashkar-e-Taiba Jaish-e-Mohammed East Turkestan Islamic Movement Tehrik-i-Taliban Pakistan Islamic Emirate of Waziristan Tehreek-e-Nafaz-e-Shariat-e-Mohammadi Islamic Jihad Union   Islamic Emirate of Afghanistan,Victory Defeat of the Taliban government in Afghanistan Fall of the Islamic Emirate of Afghanistan Destruction of al-Qaeda camps Killing of Osama bin Laden Establishment of new Afghan government Creation of new Afghan National Army Taliban insurgency Return of more than 5.7 million Afghan refugees from Pakistan and Iran
Iraq War(2003-2011),United States United Kingdom South Korea Italy Poland Australia Georgia Ukraine Netherlands Spain Denmark El Salvador Iraq  MNF-I   United States   United Kingdom   Australia   Romania   El Salvador   Estonia   Bulgaria   Moldova   Albania   Ukraine   Denmark   Czech Republic   South Korea   Azerbaijan   Singapore   Bosnia and Herzegovina   Macedonia   Latvia   Poland   Kazakhstan   Mongolia   Georgia   Tonga   Armenia   Slovakia   Lithuania   Italy   Norway   Japan   Hungary   Netherlands   Portugal   New Zealand   Thailand   Philippines   Honduras   Dominican Republic   Spain   Nicaragua   Iceland,Baath Loyalists ISI al-Qaeda in Iraq Mahdi Army Special Groups IAI Ansar al-Sunnah   Ba'athist Iraq,"Victory Invasion and occupation of Iraq Defeat of Ba'ath Party government and execution of Saddam Hussein Iraqi insurgency, emergence of al-Qaeda in Iraq, and civil war Subsequent depletion of Iraqi insurgency, improvements in public security Establishment of democratic elections and formation of new Shia led government U.S.-Iraq Status of Forces Agreement Withdrawal of U.S. forces from Iraq"
